title,tunecode,iswc,publisher,work_status,previously_distributed
13,478739ET,--,"Universal Music Corporation
Pw Arrangements
Good Groove Songs Ltd
Universal Music Publishing International Ltd",Work Registered,No/No
19,183619HQ,T-910.780.585-6,"Office Girls Partnership Ltd Dba Og Music
Supreme Songs Ltd",Work Registered,No/No
20 Degrees,478728FM,--,"Universal Music Corporation
Pw Arrangements
Good Groove Songs Ltd
Universal Music Publishing International Ltd",Work Registered,No/No
365 Days,117644FN,--,"Good Groove Songs Ltd
Universal Music Corporation
Universal Music Publishing International Ltd
Universal/Mca Music Limited",Work Registered,No/No
365 Days,186070DR,--,"Good Groove Songs Ltd
Universal Music Corporation
Universal Music Publishing International Ltd
Universal/Mca Music Limited",Work Registered,No/No
365 Days,478720EW,--,"Universal Music Corporation
Pw Arrangements
Good Groove Songs Ltd
Universal Music Publishing International Ltd",Work Registered,No/No
44 Days,186325EN,--,"Good Groove Songs Ltd
Universal Music Corporation
Universal Music Publishing International Ltd
Universal/Mca Music Limited",Work Registered,No/No
44 Days,478728FP,--,"Universal Music Corporation
Pw Arrangements
Good Groove Songs Ltd
Universal Music Publishing International Ltd",Work Registered,No/No
70'S Disco,186325DU,--,"Good Groove Songs Ltd
Universal Music Corporation
Universal Music Publishing International Ltd
Universal/Mca Music Limited",Work Registered,No/No
70'S Disco,478739FT,--,"Universal Music Corporation
Pw Arrangements
Good Groove Songs Ltd
Universal Music Publishing International Ltd",Work Registered,No/No
70S Disco,8318104J,--,"Good Groove Songs Ltd
Universal Music Corporation
Universal Music Publishing International Ltd
Universal/Mca Music Limited",Work Registered,No/Yes
A Picture,186325EP,T-011.621.431-3,"Good Groove Songs Ltd
Universal Music Corporation
Universal Music Publishing International Ltd
Universal/Mca Music Limited",Work Registered,No/No
A Picture,478728FW,T-011.621.431-3,"Universal Music Corporation
Pw Arrangements
Good Groove Songs Ltd
Universal Music Publishing International Ltd",Work Registered,No/No
A Picture,5648100H,T-011.621.431-3,"Bryan Morrison Music Ltd
Universal Music Publishing International Ltd
Universal Music Publishing Limited",Work Fully Documented,No/No
Adrenaline Rush,478711HN,--,"Universal Music Corporation
Pw Arrangements
Good Groove Songs Ltd
Universal Music Publishing International Ltd",Work Registered,No/No
Adrenaline Rush,9199784X,T-922.226.060-8,"Good Groove Songs Ltd
Universal Music Corporation
Universal Music Publishing International Ltd
Universal/Mca Music Limited",Work Registered,Yes/Yes
After The Storm,186325ET,T-011.622.530-9,"Good Groove Songs Ltd
Universal Music Corporation
Universal Music Publishing International Ltd
Universal/Mca Music Limited",Work Registered,No/No
After The Storm,478728GS,T-011.622.530-9,"Universal Music Corporation
Pw Arrangements
Good Groove Songs Ltd
Universal Music Publishing International Ltd",Work Registered,No/No
Alive,122043CM,T-319.275.492-6,"Rhythm Addiction
Universal Music Publishing International Ltd
Universal Music Publishing Mgb Limited
Universal Music Publ International Mgb Ltd",Work Registered,No/No
Alive,186068GP,--,"Good Groove Songs Ltd
Universal Music Corporation
Universal Music Publishing International Ltd
Universal/Mca Music Limited",Work Registered,No/No
Alive,478755ES,T-319.967.866-1,"Universal Music Corporation
Pw Arrangements
Good Groove Songs Ltd
Universal Music Publishing International Ltd",Work Registered,No/No
Alive,5149457J,T-319.275.492-6,"Rhythm Addiction
Good Groove Songs Ltd
Universal Music Corporation
Universal Music Publishing International Ltd",Work Registered,No/No
Alive,521192KP,--,"Rhythm Addiction
Bmg Rights Management (Uk) Limited
Bmg Platinum Songs Us
Third Story Music Inc",Work Registered,No/No
All I Can See,282626DQ,T-928.124.617-1,,Work Registered,Yes/Yes
All I Can See,366121EM,T-928.124.617-1,Universal Music Publishing Limited,Work Registered,No/No
All I Wanna Do,478739LM,T-011.721.432-0,"Universal Music Corporation
Pw Arrangements
Good Groove Songs Ltd
Universal Music Publishing International Ltd",Work Registered,No/No
All I Wanna Do,8738183X,T-011.721.432-0,"Good Groove Songs Ltd
Universal Music Corporation
Universal Music Publishing International Ltd
Universal/Mca Music Limited",Work Registered,No/Yes
All Night,186070EN,--,"Good Groove Songs Ltd
Universal Music Corporation
Universal Music Publishing International Ltd
Universal/Mca Music Limited",Work Registered,No/No
All Night,478728HQ,--,"Universal Music Corporation
Pw Arrangements
Good Groove Songs Ltd
Universal Music Publishing International Ltd",Work Registered,No/No
All That I Am,3714622H,T-011.117.115-3,,Work Registered,No/Yes
An Hour,186325CQ,--,"Good Groove Songs Ltd
Universal Music Corporation
Universal Music Publishing International Ltd
Universal/Mca Music Limited",Work Registered,No/No
An Hour Since You Cried,122048BN,T-903.054.259-7,"Rhythm Addiction
Universal Music Publishing International Ltd
Universal Music Publishing Mgb Limited
Universal Music Publ International Mgb Ltd",Work Registered,No/No
An Hour Since You Cried,3990132T,T-903.054.259-7,"Rhythm Addiction
Good Groove Songs Ltd
Universal Music Corporation
Universal Music Publishing International Ltd",Work Registered,No/No
Aphrodisiac,102517LW,T-319.712.409-3,Warner Chappell Music Publishing Limited,Work Registered,No/No
Aphrodisiac,186325FS,--,"Good Groove Songs Ltd
Universal Music Corporation
Universal Music Publishing International Ltd
Universal/Mca Music Limited",Work Registered,No/No
Aphrodisiac,478711KV,--,"Universal Music Corporation
Pw Arrangements
Good Groove Songs Ltd
Universal Music Publishing International Ltd",Work Registered,No/No
Apollo Launch,478711KW,T-011.622.532-1,"Universal Music Corporation
Pw Arrangements
Good Groove Songs Ltd
Universal Music Publishing International Ltd",Work Registered,No/No
Armageddon,092855AM,T-319.300.608-1,,Work Registered,No/Yes
Armageddon,478755HV,--,"Universal Music Corporation
Pw Arrangements
Good Groove Songs Ltd
Universal Music Publishing International Ltd",Work Registered,No/No
Armed And Single,478728KW,T-914.433.017-6,"Universal Music Corporation
Pw Arrangements
Good Groove Songs Ltd
Universal Music Publishing International Ltd",Work Registered,No/No
Arsenal,478728LM,T-011.621.439-1,"Universal Music Corporation
Pw Arrangements
Good Groove Songs Ltd
Universal Music Publishing International Ltd",Work Registered,No/No
Arthur Epilogue,186325GM,T-915.985.612-9,"Good Groove Songs Ltd
Universal Music Corporation
Universal Music Publishing International Ltd
Universal/Mca Music Limited",Work Registered,No/No
Arthur Epilogue,478728LN,T-915.985.612-9,"Universal Music Corporation
Pw Arrangements
Good Groove Songs Ltd
Universal Music Publishing International Ltd",Work Registered,No/No
As The City's Sleeping,117643GW,--,"Good Groove Songs Ltd
Universal Music Corporation
Universal Music Publishing International Ltd
Universal/Mca Music Limited",Work Registered,No/No
As The City's Sleeping,629237FV,T-325.345.478-9,"Sentric Music Publishing Ltd
Sentric Music Limited",Work Registered,No/No
At The End Of The World,629237FW,T-325.345.480-3,"Sentric Music Publishing Ltd
Sentric Music Limited",Work Fully Documented,No/No
Attention,446501AT,--,Universal Music Publishing Limited,Work Registered,No/Yes
Baby I Scratched The Car,282627LN,T-928.124.643-3,,Work Registered,No/No
Baby I Scratched The Car,287967HW,T-928.124.643-3,,Work Registered,No/No
Baby Youre Mine,5603842X,T-011.614.301-1,"Good Groove Songs Ltd
Universal Music Corporation
Universal Music Publishing International Ltd
Universal/Mca Music Limited",Work Registered,No/No
Back To The Future,117644HR,T-319.745.399-5,"Good Groove Songs Ltd
Universal Music Corporation
Universal Music Publishing International Ltd
Universal/Mca Music Limited",Work Registered,No/No
Back To The Future,478728LV,--,"Universal Music Corporation
Pw Arrangements
Good Groove Songs Ltd
Universal Music Publishing International Ltd",Work Registered,No/No
Bad Bad Man,366123KV,T-925.401.850-3,Universal Music Publishing Limited,Work Registered,No/No
Bang That Drum,478712AP,T-911.192.337-6,"Universal Music Corporation
Pw Arrangements
Good Groove Songs Ltd
Universal Music Publishing International Ltd",Work Fully Documented,No/No
Beautiful World,875531GP,T-011.254.433-8,"Bryan Morrison Music Ltd
Universal Music Publishing International Ltd
Universal Music Publishing Limited",Work Registered,No/No
Bed Posts,186325GU,--,"Good Groove Songs Ltd
Universal Music Corporation
Universal Music Publishing International Ltd
Universal/Mca Music Limited",Work Registered,No/No
Bed Posts,478740EQ,--,"Universal Music Corporation
Pw Arrangements
Good Groove Songs Ltd
Universal Music Publishing International Ltd",Work Registered,No/No
Before The World Stops,119960LT,--,"Good Groove Songs Ltd
Universal Music Corporation
Universal Music Publishing International Ltd
Universal/Mca Music Limited",Work Registered,No/No
Before The World Stops,478712AS,--,"Universal Music Corporation
Pw Arrangements
Good Groove Songs Ltd
Universal Music Publishing International Ltd",Work Registered,No/No
Behind Your Eyes,156019LP,T-306.554.772-6,,Work Registered,No/No
Behind Your Eyes,478740ER,--,"Universal Music Corporation
Pw Arrangements
Good Groove Songs Ltd
Universal Music Publishing International Ltd",Work Registered,No/No
Behind Your Eyes,978679AT,--,Unknown Publisher,Work Registered,No/No
Behind Your Eyes,992854GM,T-306.554.772-6,"Notting Hill Music (Uk) Ltd
Kobalt Music Services Ltd
Kobalt Music Publishing Ltd
Kobalt Music Copyrights Sarl",Work Registered,No/No
Believe,8741171Q,T-011.720.777-8,"Good Groove Songs Ltd
Universal Music Corporation
Universal Music Publishing International Ltd
Universal/Mca Music Limited",Work Registered,No/No
Betrayed,478712AW,--,"Universal Music Corporation
Pw Arrangements
Good Groove Songs Ltd
Universal Music Publishing International Ltd",Work Registered,No/No
Big Black Hole,186325HR,--,"Good Groove Songs Ltd
Universal Music Corporation
Universal Music Publishing International Ltd
Universal/Mca Music Limited",Work Registered,No/No
Big Black Hole,478729BV,--,"Universal Music Corporation
Pw Arrangements
Good Groove Songs Ltd
Universal Music Publishing International Ltd",Work Registered,No/No
Bitten,186325HS,--,"Good Groove Songs Ltd
Universal Music Corporation
Universal Music Publishing International Ltd
Universal/Mca Music Limited",Work Registered,No/No
Black As Night,117643HR,--,"Good Groove Songs Ltd
Universal Music Corporation
Universal Music Publishing International Ltd
Universal/Mca Music Limited",Work Registered,No/No
Blovee Tempest St.,557281GQ,T-317.470.602-2,"Universal Music Corporation
Pw Arrangements
Good Groove Songs Ltd
Universal Music Publishing International Ltd",Work Registered,No/No
Blow,260439CP,T-316.996.633-6,"Kmr Ii Gt Publishing Limited
Universal Music Publishing Limited",Work Registered,No/No
Blow Your Mind,285334CN,T-921.600.177-3,,Work Registered,No/No
Blow Your Mind,287967KM,T-921.600.177-3,,Work Registered,No/No
Boogie With Me Baby,8741172R,T-011.720.778-9,"Good Groove Songs Ltd
Universal Music Corporation
Universal Music Publishing International Ltd
Universal/Mca Music Limited",Work Fully Documented,No/No
Bootie Bon Baby,5603835L,T-011.614.294-9,,Work Registered,No/No
Born To Be,290125DW,T-306.554.790-8,,Work Registered,No/Yes
Born To Be,478721AQ,--,"Universal Music Corporation
Pw Arrangements
Good Groove Songs Ltd
Universal Music Publishing International Ltd",Work Registered,No/No
Break Me Down,186325KM,--,"Good Groove Songs Ltd
Universal Music Corporation
Universal Music Publishing International Ltd
Universal/Mca Music Limited",Work Registered,No/No
Break Me Down,478721AS,--,"Universal Music Corporation
Pw Arrangements
Good Groove Songs Ltd
Universal Music Publishing International Ltd",Work Registered,No/No
Breakfast At Tiffany's,076119LP,T-905.627.174-0,"Shapiro Bernstein And Co Inc
Shapiro Bernstein & Co Limited",Work Registered,No/Yes
Breakfast At Tiffany's,186070HM,--,"Good Groove Songs Ltd
Universal Music Corporation
Universal Music Publishing International Ltd
Universal/Mca Music Limited",Work Registered,No/No
Breathing,9382069N,T-319.284.840-7,"Good Groove Songs Ltd
Universal Music Corporation
Universal Music Publishing International Ltd
Universal/Mca Music Limited",Work Registered,No/No
Breathless,117643HP,--,"Good Groove Songs Ltd
Universal Music Corporation
Universal Music Publishing International Ltd
Universal/Mca Music Limited",Work Registered,No/No
Breathless,118953AT,--,"Good Groove Songs Ltd
Universal Music Corporation
Universal Music Publishing International Ltd
Universal/Mca Music Limited",Work Registered,No/No
Bring You Down,478740KT,T-011.720.780-3,"Universal Music Corporation
Pw Arrangements
Good Groove Songs Ltd
Universal Music Publishing International Ltd",Work Registered,No/No
Bring You Down,8741174V,T-011.720.780-3,"Good Groove Songs Ltd
Universal Music Corporation
Universal Music Publishing International Ltd
Universal/Mca Music Limited",Work Registered,No/No
Bring You Out,4252228C,T-011.171.378-0,"Edel Publishing Ltd
Warner Chappell Music Ltd",Work Fully Documented,Yes/Yes
Broken,186325KS,--,"Good Groove Songs Ltd
Universal Music Corporation
Universal Music Publishing International Ltd
Universal/Mca Music Limited",Work Registered,No/No
Broken,3714613T,T-011.117.110-8,"Good Groove Songs Ltd
Universal Music Corporation
Universal Music Publishing International Ltd
Universal/Mca Music Limited",Work Registered,No/No
Bronze Mirror,478712DM,--,"Universal Music Corporation
Pw Arrangements
Good Groove Songs Ltd
Universal Music Publishing International Ltd",Work Registered,No/No
Bully,186325KU,T-911.192.342-3,"Good Groove Songs Ltd
Universal Music Corporation
Universal Music Publishing International Ltd
Universal/Mca Music Limited",Work Registered,No/No
Burning Cold,478740LP,--,"Universal Music Corporation
Pw Arrangements
Good Groove Songs Ltd
Universal Music Publishing International Ltd",Work Registered,No/No
Burning In Hell,186325KW,T-914.433.019-8,"Good Groove Songs Ltd
Universal Music Corporation
Universal Music Publishing International Ltd
Universal/Mca Music Limited",Work Registered,No/No
Burns My Soul,478740LQ,--,"Universal Music Corporation
Pw Arrangements
Good Groove Songs Ltd
Universal Music Publishing International Ltd",Work Registered,No/No
Busted,122391EU,T-311.512.813-3,"Rhythm Addiction
Universal Music Publishing International Ltd
Universal Music Publishing Mgb Limited
Universal Music Publ International Mgb Ltd",Work Registered,No/No
Busted,521193GQ,T-311.512.813-3,"Rhythm Addiction
Bmg Rights Management (Uk) Limited
Bmg Platinum Songs Us
Third Story Music Inc",Work Registered,No/No
But I Don't Feel That Way,186325LP,--,"Good Groove Songs Ltd
Universal Music Corporation
Universal Music Publishing International Ltd
Universal/Mca Music Limited",Work Registered,No/No
But I Don't Feel That Way,478740LU,--,"Universal Music Corporation
Pw Arrangements
Good Groove Songs Ltd
Universal Music Publishing International Ltd",Work Registered,No/No
C'mon Lets Go,082849LU,T-319.647.273-4,"Good Groove Songs Ltd
Universal Music Corporation
Universal Music Publishing International Ltd
Universal/Mca Music Limited",Work Registered,No/No
Calling Up Angels,151533EU,T-319.834.996-7,"Good Groove Songs Ltd
Universal Music Corporation
Universal Music Publishing International Ltd
Universal/Mca Music Limited",Work Registered,No/Yes
Calling Up Angels,186325LU,--,"Good Groove Songs Ltd
Universal Music Corporation
Universal Music Publishing International Ltd
Universal/Mca Music Limited",Work Registered,No/No
Calling Up Angels,478741AQ,--,"Universal Music Corporation
Pw Arrangements
Good Groove Songs Ltd
Universal Music Publishing International Ltd",Work Registered,No/No
Calorie Junkee,186325LV,--,"Good Groove Songs Ltd
Universal Music Corporation
Universal Music Publishing International Ltd
Universal/Mca Music Limited",Work Registered,No/No
Calorie Junkee,4858890C,T-011.254.577-3,"Good Groove Songs Ltd
Universal Music Corporation
Universal Music Publishing International Ltd
Universal/Mca Music Limited",Work Registered,No/Yes
Can't Stop This Feeling,151533FV,T-914.433.020-1,"Good Groove Songs Ltd
Universal Music Corporation
Universal Music Publishing International Ltd
Universal/Mca Music Limited",Work Fully Documented,No/No
Can't Stop This Feeling,188884KR,T-914.433.020-1,"Good Groove Songs Ltd
Universal Music Corporation
Universal Music Publishing International Ltd
Universal/Mca Music Limited",Work Registered,No/No
Can't Stop This Feeling,478741BM,T-914.433.020-1,"Universal Music Corporation
Pw Arrangements
Good Groove Songs Ltd
Universal Music Publishing International Ltd",Work Registered,No/No
Cause I Love Him,478757EN,T-011.254.434-9,"Universal Music Corporation
Pw Arrangements
Good Groove Songs Ltd
Universal Music Publishing International Ltd",Work Registered,No/No
Cause I Love Him,4857538Q,T-011.254.434-9,"Good Groove Songs Ltd
Universal Music Corporation
Universal Music Publishing International Ltd
Universal/Mca Music Limited",Work Registered,No/No
Child In Time,287968AP,T-319.063.404-5,,Work Registered,No/Yes
Childlike Dreams,186326AP,--,"Good Groove Songs Ltd
Universal Music Corporation
Universal Music Publishing International Ltd
Universal/Mca Music Limited",Work Registered,No/No
Christmas Day,186326AS,T-914.433.022-3,"Good Groove Songs Ltd
Universal Music Corporation
Universal Music Publishing International Ltd
Universal/Mca Music Limited",Work Registered,No/No
Christmas Day,478712FM,T-914.433.022-3,"Universal Music Corporation
Pw Arrangements
Good Groove Songs Ltd
Universal Music Publishing International Ltd",Work Registered,No/No
Cold,186326BM,--,"Good Groove Songs Ltd
Universal Music Corporation
Universal Music Publishing International Ltd
Universal/Mca Music Limited",Work Registered,No/No
Cold,9859549P,T-318.639.532-0,"Good Groove Songs Ltd
Universal Music Corporation
Universal Music Publishing International Ltd
Universal/Mca Music Limited",Work Registered,No/Yes
Cold As The Night,151533GM,T-914.433.024-5,"Good Groove Songs Ltd
Universal Music Corporation
Universal Music Publishing International Ltd
Universal/Mca Music Limited",Work Fully Documented,No/No
Cold As The Night,186326BN,T-914.433.024-5,"Good Groove Songs Ltd
Universal Music Corporation
Universal Music Publishing International Ltd
Universal/Mca Music Limited",Work Registered,No/No
Cold Water,287968AQ,T-320.104.754-9,,Work Registered,No/No
Coma,186326BR,T-915.984.870-1,"Good Groove Songs Ltd
Universal Music Corporation
Universal Music Publishing International Ltd
Universal/Mca Music Limited",Work Registered,No/No
Coma,478712FS,T-915.984.870-1,"Universal Music Corporation
Pw Arrangements
Good Groove Songs Ltd
Universal Music Publishing International Ltd",Work Registered,No/No
Come As You Are,287989LP,T-319.063.405-6,,Work Registered,No/No
Come To Me,186169GV,T-319.745.406-7,"Good Groove Songs Ltd
Universal Music Corporation
Universal Music Publishing International Ltd
Universal/Mca Music Limited",Work Registered,No/No
Come To Me,478729HV,T-319.745.406-7,"Universal Music Corporation
Pw Arrangements
Good Groove Songs Ltd
Universal Music Publishing International Ltd",Work Registered,No/No
Coming Around,186323DN,--,"Good Groove Songs Ltd
Universal Music Corporation
Universal Music Publishing International Ltd
Universal/Mca Music Limited",Work Registered,No/No
Coming Around,478757LN,--,"Universal Music Corporation
Pw Arrangements
Good Groove Songs Ltd
Universal Music Publishing International Ltd",Work Registered,No/No
Coming Home,300878GU,T-011.117.136-8,,Work Fully Documented,No/Yes
Contagious,186326BT,--,"Good Groove Songs Ltd
Universal Music Corporation
Universal Music Publishing International Ltd
Universal/Mca Music Limited",Work Registered,No/No
Contagious,478712GN,--,"Universal Music Corporation
Pw Arrangements
Good Groove Songs Ltd
Universal Music Publishing International Ltd",Work Registered,No/No
Contagious Love,9382077Z,T-316.738.959-1,"Good Groove Songs Ltd
Universal Music Corporation
Universal Music Publishing International Ltd
Universal/Mca Music Limited",Work Registered,No/No
Control,478741FM,--,"Universal Music Corporation
Pw Arrangements
Good Groove Songs Ltd
Universal Music Publishing International Ltd",Work Registered,No/No
Cordosyl,186326BV,T-915.833.302-9,"Good Groove Songs Ltd
Universal Music Corporation
Universal Music Publishing International Ltd
Universal/Mca Music Limited",Work Registered,No/No
Courage,287967KN,T-928.124.644-4,,Work Registered,No/Yes
Craving You,289713BT,T-922.242.733-0,,Work Fully Documented,No/Yes
Cut Out,369907HV,T-316.996.619-8,"Kmr Ii Gt Publishing Limited
Good Groove Songs Ltd
Universal Music Corporation
Universal Music Publishing International Ltd",Work Registered,No/No
Cut Out,478729LP,--,"Universal Music Corporation
Pw Arrangements
Good Groove Songs Ltd
Universal Music Publishing International Ltd",Work Registered,No/No
Dah Dah Dah,186326CM,--,"Good Groove Songs Ltd
Universal Music Corporation
Universal Music Publishing International Ltd
Universal/Mca Music Limited",Work Registered,No/No
Dance Like A Popstar,186325DV,T-306.555.940-8,"Good Groove Songs Ltd
Universal Music Corporation
Universal Music Publishing International Ltd
Universal/Mca Music Limited",Work Registered,No/Yes
Dance Like A Popstar,478758DT,T-306.555.940-8,"Universal Music Corporation
Pw Arrangements
Good Groove Songs Ltd
Universal Music Publishing International Ltd",Work Registered,No/No
Danny's Got Me,186326CS,T-911.192.329-6,"Good Groove Songs Ltd
Universal Music Corporation
Universal Music Publishing International Ltd
Universal/Mca Music Limited",Work Registered,No/No
Danny's Got Me,478741GT,T-911.192.329-6,"Universal Music Corporation
Pw Arrangements
Good Groove Songs Ltd
Universal Music Publishing International Ltd",Work Registered,No/No
Darling Is Not My Name,157475LV,T-923.504.321-7,"Metropolis Songs Limited
Good Groove Songs Ltd
Universal Music Corporation
Universal Music Publishing International Ltd",Work Registered,Yes/Yes
Darling Is Not My Name,478721EN,T-923.504.321-7,"Universal Music Corporation
Pw Arrangements
Good Groove Songs Ltd
Universal Music Publishing International Ltd",Work Registered,No/No
Dawn,186326CT,T-011.622.527-4,"Good Groove Songs Ltd
Universal Music Corporation
Universal Music Publishing International Ltd
Universal/Mca Music Limited",Work Registered,No/No
Dawn,478741HP,T-011.622.527-4,"Universal Music Corporation
Pw Arrangements
Good Groove Songs Ltd
Universal Music Publishing International Ltd",Work Registered,No/No
Dead Roses,478741HT,T-914.433.025-6,"Universal Music Corporation
Pw Arrangements
Good Groove Songs Ltd
Universal Music Publishing International Ltd",Work Registered,No/No
Dear Dad,5648102K,T-011.621.433-5,"Bryan Morrison Music Ltd
Universal Music Publishing International Ltd
Universal Music Publishing Limited",Work Fully Documented,No/No
Decision,478730AV,--,"Universal Music Corporation
Pw Arrangements
Good Groove Songs Ltd
Universal Music Publishing International Ltd",Work Registered,No/No
Declaration Of War,186326DQ,T-011.622.516-1,"Good Groove Songs Ltd
Universal Music Corporation
Universal Music Publishing International Ltd
Universal/Mca Music Limited",Work Registered,No/No
Deeper Love,470551KQ,T-317.449.871-2,Sony Music Publishing (Uk) Ltd,Work Registered,No/No
Devotion,082858AN,T-905.187.564-0,"Good Groove Songs Ltd
Universal Music Corporation
Universal Music Publishing International Ltd
Universal/Mca Music Limited",Work Registered,No/Yes
Devotion,082858AP,T-905.187.564-0,"Good Groove Songs Ltd
Universal Music Corporation
Universal Music Publishing International Ltd
Universal/Mca Music Limited",Work Registered,No/No
Do,186326DW,--,"Good Groove Songs Ltd
Universal Music Corporation
Universal Music Publishing International Ltd
Universal/Mca Music Limited",Work Registered,No/No
Do You Wanna Live,478742AM,T-306.556.013-2,"Universal Music Corporation
Pw Arrangements
Good Groove Songs Ltd
Universal Music Publishing International Ltd",Work Registered,No/No
Dominus,478712LM,T-915.985.613-0,"Universal Music Corporation
Pw Arrangements
Good Groove Songs Ltd
Universal Music Publishing International Ltd",Work Registered,No/No
Don't Ask Me,875533AP,T-011.254.436-1,"Bryan Morrison Music Ltd
Universal Music Publishing International Ltd
Universal Music Publishing Limited",Work Registered,No/No
Don't Cha Love It,186326EW,--,"Good Groove Songs Ltd
Universal Music Corporation
Universal Music Publishing International Ltd
Universal/Mca Music Limited",Work Registered,No/No
Don't Cha Love It,478730CR,--,"Universal Music Corporation
Pw Arrangements
Good Groove Songs Ltd
Universal Music Publishing International Ltd",Work Registered,No/No
Don't Forget My Name,875533AQ,T-011.564.489-7,"Bryan Morrison Music Ltd
Universal Music Publishing International Ltd
Universal Music Publishing Limited",Work Registered,No/No
Don't Look,478742AS,T-011.614.304-4,"Universal Music Corporation
Pw Arrangements
Good Groove Songs Ltd
Universal Music Publishing International Ltd",Work Registered,No/No
Don't Stop,229763DS,T-918.751.539-5,"Good Groove Songs Ltd
Universal Music Corporation
Universal Music Publishing International Ltd
Universal/Mca Music Limited",Work Fully Documented,No/No
Don't Stop,478742AV,T-918.751.539-5,"Universal Music Corporation
Pw Arrangements
Good Groove Songs Ltd
Universal Music Publishing International Ltd",Work Registered,No/No
Don't Stop Looking,188884KW,--,"Good Groove Songs Ltd
Universal Music Corporation
Universal Music Publishing International Ltd
Universal/Mca Music Limited",Work Registered,No/Yes
Don't Stop Now,478742BM,--,"Universal Music Corporation
Pw Arrangements
Good Groove Songs Ltd
Universal Music Publishing International Ltd",Work Registered,No/No
Dont Forget,8741178F,T-011.720.783-6,"Good Groove Songs Ltd
Universal Music Corporation
Universal Music Publishing International Ltd
Universal/Mca Music Limited",Work Registered,No/No
Dont Look,5603845F,T-011.614.304-4,"Good Groove Songs Ltd
Universal Music Corporation
Universal Music Publishing International Ltd
Universal/Mca Music Limited",Work Registered,No/No
Dont Wanna Get,8738299R,T-011.720.608-2,"Good Groove Songs Ltd
Universal Music Corporation
Universal Music Publishing International Ltd
Universal/Mca Music Limited",Work Registered,No/No
Dont Wanna Get Out Of Bed,8738669L,--,"Good Groove Songs Ltd
Universal Music Corporation
Universal Music Publishing International Ltd
Universal/Mca Music Limited",Work Registered,No/No
Down At The Co Co Club,082850EU,--,"Good Groove Songs Ltd
Universal Music Corporation
Universal Music Publishing International Ltd
Universal/Mca Music Limited",Work Registered,No/No
Down At The Co Co Club,478712LQ,--,"Universal Music Corporation
Pw Arrangements
Good Groove Songs Ltd
Universal Music Publishing International Ltd",Work Registered,No/No
Down Down Down,478742BT,--,"Universal Music Corporation
Pw Arrangements
Good Groove Songs Ltd
Universal Music Publishing International Ltd",Work Registered,No/No
Down Down Down,8741289P,T-319.288.666-7,"Good Groove Songs Ltd
Universal Music Corporation
Universal Music Publishing International Ltd
Universal/Mca Music Limited",Work Registered,No/Yes
Dream Of Home,186326FT,T-914.433.030-3,"Good Groove Songs Ltd
Universal Music Corporation
Universal Music Publishing International Ltd
Universal/Mca Music Limited",Work Registered,No/No
Dream Of Home,478730DS,T-914.433.030-3,"Universal Music Corporation
Pw Arrangements
Good Groove Songs Ltd
Universal Music Publishing International Ltd",Work Registered,No/No
Dreamer,186326FU,T-915.650.926-1,"Good Groove Songs Ltd
Universal Music Corporation
Universal Music Publishing International Ltd
Universal/Mca Music Limited",Work Registered,No/No
Dreamer,478730DT,--,"Universal Music Corporation
Pw Arrangements
Good Groove Songs Ltd
Universal Music Publishing International Ltd",Work Registered,No/No
Driving,186326FV,--,"Good Groove Songs Ltd
Universal Music Corporation
Universal Music Publishing International Ltd
Universal/Mca Music Limited",Work Registered,No/No
Driving,478742CT,--,"Universal Music Corporation
Pw Arrangements
Good Groove Songs Ltd
Universal Music Publishing International Ltd",Work Registered,No/No
Driving Me Crazy,478730DU,--,"Universal Music Corporation
Pw Arrangements
Good Groove Songs Ltd
Universal Music Publishing International Ltd",Work Registered,No/No
Elevator,478721GW,--,"Universal Music Corporation
Pw Arrangements
Good Groove Songs Ltd
Universal Music Publishing International Ltd",Work Registered,No/No
Elevator,978579AM,--,Unknown Publisher,Work Registered,No/No
Elevator,985489LN,T-306.555.978-2,"Notting Hill Music (Uk) Ltd
Kobalt Music Services Ltd
Kobalt Music Publishing Ltd
Kobalt Music Copyrights Sarl",Work Registered,No/No
Emperor's New Clothes,186326GP,--,"Good Groove Songs Ltd
Universal Music Corporation
Universal Music Publishing International Ltd
Universal/Mca Music Limited",Work Registered,No/No
Emperor's New Clothes,478742DT,--,"Universal Music Corporation
Pw Arrangements
Good Groove Songs Ltd
Universal Music Publishing International Ltd",Work Registered,No/No
Empire And Servant,186326GN,T-915.985.614-1,"Good Groove Songs Ltd
Universal Music Corporation
Universal Music Publishing International Ltd
Universal/Mca Music Limited",Work Registered,No/No
Eternal,261638HM,T-924.939.003-2,"Good Groove Songs Ltd
Universal Music Corporation
Universal Music Publishing International Ltd
Universal/Mca Music Limited",Work Registered,No/No
Eternal,807251FW,T-924.939.003-2,"Accorder Music Publishing Ltd
Good Groove Songs Ltd
Sentric Music Publishing Ltd",Work Registered,No/No
Eternal,814287HW,T-924.939.003-2,Accorder Music Publishing Ltd,Work Registered,No/No
Everafter,8741290Q,--,"Good Groove Songs Ltd
Universal Music Corporation
Universal Music Publishing International Ltd
Universal/Mca Music Limited",Work Registered,No/Yes
Every Day,118953BN,--,"Good Groove Songs Ltd
Universal Music Corporation
Universal Music Publishing International Ltd
Universal/Mca Music Limited",Work Registered,No/No
Every Day,478742FM,--,"Universal Music Corporation
Pw Arrangements
Good Groove Songs Ltd
Universal Music Publishing International Ltd",Work Registered,No/No
Every Kiss,478713AS,--,"Universal Music Corporation
Pw Arrangements
Good Groove Songs Ltd
Universal Music Publishing International Ltd",Work Registered,No/No
Every Kiss,807251FR,T-924.939.029-2,"Accorder Music Publishing Ltd
Good Groove Songs Ltd
Sentric Music Publishing Ltd",Work Registered,No/No
Every Kiss,814287GT,T-924.939.029-2,Accorder Music Publishing Ltd,Work Registered,No/No
Everybody,082144HW,T-319.644.650-7,,Work Registered,No/No
Everybody,082850CM,T-319.644.650-7,"Good Groove Songs Ltd
Universal Music Corporation
Universal Music Publishing International Ltd
Universal/Mca Music Limited",Work Registered,No/No
Everybody,3714592N,T-011.117.100-6,"Good Groove Songs Ltd
Universal Music Corporation
Universal Music Publishing International Ltd
Universal/Mca Music Limited",Work Fully Documented,No/Yes
Everybody,478730GN,T-319.644.650-7,"Universal Music Corporation
Pw Arrangements
Good Groove Songs Ltd
Universal Music Publishing International Ltd",Work Registered,No/No
Exorcist,186326HM,--,"Good Groove Songs Ltd
Universal Music Corporation
Universal Music Publishing International Ltd
Universal/Mca Music Limited",Work Registered,No/No
Exorcist,478742FV,--,"Universal Music Corporation
Pw Arrangements
Good Groove Songs Ltd
Universal Music Publishing International Ltd",Work Registered,No/No
Experiment,478760CR,T-915.985.615-2,"Universal Music Corporation
Pw Arrangements
Good Groove Songs Ltd
Universal Music Publishing International Ltd",Work Fully Documented,No/No
Explode,117644GN,--,"Good Groove Songs Ltd
Universal Music Corporation
Universal Music Publishing International Ltd
Universal/Mca Music Limited",Work Registered,No/No
Exterminator,186326HR,--,"Good Groove Songs Ltd
Universal Music Corporation
Universal Music Publishing International Ltd
Universal/Mca Music Limited",Work Registered,No/No
Exterminator,478713AW,--,"Universal Music Corporation
Pw Arrangements
Good Groove Songs Ltd
Universal Music Publishing International Ltd",Work Registered,No/No
Faded Heart,875533EW,T-011.254.438-3,"Bryan Morrison Music Ltd
Universal Music Publishing International Ltd
Universal Music Publishing Limited",Work Registered,No/No
Fall Back,186324LP,--,"Good Groove Songs Ltd
Universal Music Corporation
Universal Music Publishing International Ltd
Universal/Mca Music Limited",Work Registered,No/No
Falling Asleep,875533FP,T-319.644.453-4,"Bryan Morrison Music Ltd
Universal Music Publishing International Ltd
Universal Music Publishing Limited",Work Registered,No/No
Fallowfield,186326HW,--,"Good Groove Songs Ltd
Universal Music Corporation
Universal Music Publishing International Ltd
Universal/Mca Music Limited",Work Registered,No/Yes
Fantasy,186326KM,--,"Good Groove Songs Ltd
Universal Music Corporation
Universal Music Publishing International Ltd
Universal/Mca Music Limited",Work Registered,No/No
Fantasy,3714648V,T-011.117.124-4,"Good Groove Songs Ltd
Universal Music Corporation
Universal Music Publishing International Ltd
Universal/Mca Music Limited",Work Registered,No/Yes
Fantasy,478742GS,--,"Universal Music Corporation
Pw Arrangements
Good Groove Songs Ltd
Universal Music Publishing International Ltd",Work Registered,No/No
Fear,186326KN,T-011.621.434-6,"Good Groove Songs Ltd
Universal Music Corporation
Universal Music Publishing International Ltd
Universal/Mca Music Limited",Work Registered,No/No
Fear,478730HU,T-011.621.434-6,"Universal Music Corporation
Pw Arrangements
Good Groove Songs Ltd
Universal Music Publishing International Ltd",Work Registered,No/No
Fearless,978704EN,--,Unknown Publisher,Work Registered,No/No
Fearless,992853LM,T-917.397.466-8,"Notting Hill Music (Uk) Ltd
Kobalt Music Services Ltd
Kobalt Music Publishing Ltd
Kobalt Music Copyrights Sarl",Work Registered,No/No
Feel The Sunrise,186326KP,T-915.650.944-3,"Good Groove Songs Ltd
Universal Music Corporation
Universal Music Publishing International Ltd
Universal/Mca Music Limited",Work Registered,No/No
Feel The Sunrise,478742GW,T-915.650.944-3,"Universal Music Corporation
Pw Arrangements
Good Groove Songs Ltd
Universal Music Publishing International Ltd",Work Registered,No/No
Finally,186326KS,--,"Good Groove Songs Ltd
Universal Music Corporation
Universal Music Publishing International Ltd
Universal/Mca Music Limited",Work Registered,No/No
Find A Better Man,478760EP,T-011.720.609-3,"Universal Music Corporation
Pw Arrangements
Good Groove Songs Ltd
Universal Music Publishing International Ltd",Work Registered,No/No
Find The Kid,186326KU,T-915.985.616-3,"Good Groove Songs Ltd
Universal Music Corporation
Universal Music Publishing International Ltd
Universal/Mca Music Limited",Work Registered,No/No
Find The Kid,478760EQ,T-915.985.616-3,"Universal Music Corporation
Pw Arrangements
Good Groove Songs Ltd
Universal Music Publishing International Ltd",Work Registered,No/No
Fitness Club Workout Music,151533GV,T-914.433.031-4,"Good Groove Songs Ltd
Universal Music Corporation
Universal Music Publishing International Ltd
Universal/Mca Music Limited",Work Fully Documented,No/No
Fizzy,117644HQ,T-319.745.398-4,"Good Groove Songs Ltd
Universal Music Corporation
Universal Music Publishing International Ltd
Universal/Mca Music Limited",Work Registered,No/No
Flames Are Getting Higher,478713DU,--,"Universal Music Corporation
Pw Arrangements
Good Groove Songs Ltd
Universal Music Publishing International Ltd",Work Registered,No/No
Flesh And Blood,118953DU,--,"Good Groove Songs Ltd
Universal Music Corporation
Universal Music Publishing International Ltd
Universal/Mca Music Limited",Work Registered,No/No
Flesh And Blood,186071CS,--,"Good Groove Songs Ltd
Universal Music Corporation
Universal Music Publishing International Ltd
Universal/Mca Music Limited",Work Registered,No/No
Flesh And Blood Chase Sequence,174663CR,T-306.556.009-6,"Good Groove Songs Ltd
Universal Music Corporation
Universal Music Publishing International Ltd
Universal/Mca Music Limited",Work Registered,No/No
Flesh And Blood Chase Sequence,186326LQ,T-306.556.009-6,"Good Groove Songs Ltd
Universal Music Corporation
Universal Music Publishing International Ltd
Universal/Mca Music Limited",Work Registered,No/No
Flesh And Blood Chase Sequence,478742KW,T-306.556.009-6,"Universal Music Corporation
Pw Arrangements
Good Groove Songs Ltd
Universal Music Publishing International Ltd",Work Registered,No/No
Flesh And Blood Instrumental,174663CS,T-306.555.954-4,"Good Groove Songs Ltd
Universal Music Corporation
Universal Music Publishing International Ltd
Universal/Mca Music Limited",Work Registered,No/No
Flesh And Blood Instrumental,186326LR,T-306.555.954-4,"Good Groove Songs Ltd
Universal Music Corporation
Universal Music Publishing International Ltd
Universal/Mca Music Limited",Work Registered,No/No
Flesh And Blood Instrumental,478742LM,T-306.555.954-4,"Universal Music Corporation
Pw Arrangements
Good Groove Songs Ltd
Universal Music Publishing International Ltd",Work Registered,No/No
Fly Away,186326LS,--,"Good Groove Songs Ltd
Universal Music Corporation
Universal Music Publishing International Ltd
Universal/Mca Music Limited",Work Registered,No/No
For Our Islands,186326LU,T-011.621.432-4,"Good Groove Songs Ltd
Universal Music Corporation
Universal Music Publishing International Ltd
Universal/Mca Music Limited",Work Registered,No/No
For Our Islands,478713EQ,T-011.621.432-4,"Universal Music Corporation
Pw Arrangements
Good Groove Songs Ltd
Universal Music Publishing International Ltd",Work Registered,No/No
Forget My Brains,102600CS,T-910.780.580-1,"Good Groove Songs Ltd
Unknown Publisher
Universal Music Corporation
Universal Music Publishing International Ltd",Work Registered,Yes/Yes
Forget My Brains,186327AM,--,"Good Groove Songs Ltd
Universal Music Corporation
Universal Music Publishing International Ltd
Universal/Mca Music Limited",Work Registered,No/No
Forget My Brains,249794FP,T-910.780.580-1,"Office Girls Partnership Ltd Dba Og Music
Supreme Songs Ltd",Work Registered,No/No
Forgiveness,229763AN,--,"Good Groove Songs Ltd
Universal Music Corporation
Universal Music Publishing International Ltd
Universal/Mca Music Limited",Work Registered,No/Yes
Forgiveness,478722AS,--,"Universal Music Corporation
Pw Arrangements
Good Groove Songs Ltd
Universal Music Publishing International Ltd",Work Registered,No/No
Freak I Freeze,082850GT,--,"Good Groove Songs Ltd
Universal Music Corporation
Universal Music Publishing International Ltd
Universal/Mca Music Limited",Work Registered,No/No
Freak I Freeze,478743AP,--,"Universal Music Corporation
Pw Arrangements
Good Groove Songs Ltd
Universal Music Publishing International Ltd",Work Registered,No/No
Freaky Vocal Style,186327AQ,--,"Good Groove Songs Ltd
Universal Music Corporation
Universal Music Publishing International Ltd
Universal/Mca Music Limited",Work Registered,No/No
Freaky Vocal Style,478730LW,--,"Universal Music Corporation
Pw Arrangements
Good Groove Songs Ltd
Universal Music Publishing International Ltd",Work Registered,No/No
Free,478760HQ,T-011.254.441-8,"Universal Music Corporation
Pw Arrangements
Good Groove Songs Ltd
Universal Music Publishing International Ltd",Work Registered,No/No
Frenemy,102600CW,T-910.780.583-4,"Good Groove Songs Ltd
Unknown Publisher
Universal Music Corporation
Universal Music Publishing International Ltd",Work Registered,Yes/Yes
Frenemy,186327AT,--,"Good Groove Songs Ltd
Universal Music Corporation
Universal Music Publishing International Ltd
Universal/Mca Music Limited",Work Registered,No/No
Frenemy,478743AS,--,"Universal Music Corporation
Pw Arrangements
Good Groove Songs Ltd
Universal Music Publishing International Ltd",Work Registered,No/No
Friends,291159HS,T-927.493.657-1,Unknown Publisher,Work Fully Documented,Yes/Yes
Fu Buddy,186327AU,--,"Good Groove Songs Ltd
Universal Music Corporation
Universal Music Publishing International Ltd
Universal/Mca Music Limited",Work Registered,No/No
Fu Buddy,478743BM,--,"Universal Music Corporation
Pw Arrangements
Good Groove Songs Ltd
Universal Music Publishing International Ltd",Work Registered,No/No
Fuhrer,186327AV,T-011.622.517-2,"Good Groove Songs Ltd
Universal Music Corporation
Universal Music Publishing International Ltd
Universal/Mca Music Limited",Work Registered,No/No
Fuhrer,478713EV,T-011.622.517-2,"Universal Music Corporation
Pw Arrangements
Good Groove Songs Ltd
Universal Music Publishing International Ltd",Work Registered,No/No
Game Of Love,311842KR,T-923.949.728-0,,Work Fully Documented,No/No
Gana Be The One,478731AW,T-011.254.430-5,"Universal Music Corporation
Pw Arrangements
Good Groove Songs Ltd
Universal Music Publishing International Ltd",Work Registered,No/No
Gentle,365499KN,T-929.034.765-8,Universal Music Publishing Limited,Work Fully Documented,No/Yes
Get On A Plane,082850DQ,T-916.405.480-2,"Good Groove Songs Ltd
Universal Music Corporation
Universal Music Publishing International Ltd
Universal/Mca Music Limited",Work Registered,No/Yes
Get On A Plane,186327BP,--,"Good Groove Songs Ltd
Universal Music Corporation
Universal Music Publishing International Ltd
Universal/Mca Music Limited",Work Registered,No/No
Getting High,478743CR,T-914.433.035-8,"Universal Music Corporation
Pw Arrangements
Good Groove Songs Ltd
Universal Music Publishing International Ltd",Work Registered,No/No
Ghost,302928LQ,T-923.272.309-0,,Work Fully Documented,No/No
Girl In The Mirror,082144KP,T-319.167.785-3,,Work Registered,No/No
Girl In The Mirror,082850AP,T-319.167.785-3,"Good Groove Songs Ltd
Universal Music Corporation
Universal Music Publishing International Ltd
Universal/Mca Music Limited",Work Registered,No/No
Girl In The Mirror,186327GV,T-319.167.785-3,"Good Groove Songs Ltd
Universal Music Corporation
Universal Music Publishing International Ltd
Universal/Mca Music Limited",Work Registered,No/No
Girls Want Guys,478743DU,--,"Universal Music Corporation
Pw Arrangements
Good Groove Songs Ltd
Universal Music Publishing International Ltd",Work Registered,No/No
Give It Up,186327BS,--,"Good Groove Songs Ltd
Universal Music Corporation
Universal Music Publishing International Ltd
Universal/Mca Music Limited",Work Registered,No/No
Glass Case,478743ET,--,"Universal Music Corporation
Pw Arrangements
Good Groove Songs Ltd
Universal Music Publishing International Ltd",Work Registered,No/No
Glory,117644KQ,--,"Good Groove Songs Ltd
Universal Music Corporation
Universal Music Publishing International Ltd
Universal/Mca Music Limited",Work Registered,No/No
Glory,119961AW,--,"Good Groove Songs Ltd
Universal Music Corporation
Universal Music Publishing International Ltd
Universal/Mca Music Limited",Work Registered,No/No
Glory,186327BU,--,"Good Groove Songs Ltd
Universal Music Corporation
Universal Music Publishing International Ltd
Universal/Mca Music Limited",Work Registered,No/No
Go,119961BM,--,"Good Groove Songs Ltd
Universal Music Corporation
Universal Music Publishing International Ltd
Universal/Mca Music Limited",Work Registered,No/No
Going In The Army,186327BW,--,"Good Groove Songs Ltd
Universal Music Corporation
Universal Music Publishing International Ltd
Universal/Mca Music Limited",Work Registered,No/No
Going In The Army,249794FR,T-910.780.586-7,"Office Girls Partnership Ltd Dba Og Music
Supreme Songs Ltd",Work Registered,No/No
Going In The Army,478743FS,--,"Universal Music Corporation
Pw Arrangements
Good Groove Songs Ltd
Universal Music Publishing International Ltd",Work Registered,No/No
"Going In The Army
Your Going In The Army",102600DR,T-910.780.586-7,"Good Groove Songs Ltd
Unknown Publisher
Universal Music Corporation
Universal Music Publishing International Ltd",Work Registered,Yes/Yes
Gold,478743FT,--,"Universal Music Corporation
Pw Arrangements
Good Groove Songs Ltd
Universal Music Publishing International Ltd",Work Registered,No/No
Goodbye Girl,287967KP,T-928.124.649-9,,Work Registered,No/Yes
Gorgeous,082849LR,T-911.192.338-7,"Good Groove Songs Ltd
Universal Music Corporation
Universal Music Publishing International Ltd
Universal/Mca Music Limited",Work Fully Documented,No/No
Gorgeous,478713KT,T-911.192.338-7,"Universal Music Corporation
Pw Arrangements
Good Groove Songs Ltd
Universal Music Publishing International Ltd",Work Registered,No/No
Gotta Get Movin,235216KR,--,"Good Groove Songs Ltd
Universal Music Corporation
Universal Music Publishing International Ltd
Universal/Mca Music Limited",Work Registered,No/Yes
Gotta Get Movin,369907HT,T-316.996.602-9,"Kmr Ii Gt Publishing Limited
Good Groove Songs Ltd
Universal Music Corporation
Universal Music Publishing International Ltd",Work Registered,No/No
Gotta Get Movin,478722DR,--,"Universal Music Corporation
Pw Arrangements
Good Groove Songs Ltd
Universal Music Publishing International Ltd",Work Registered,No/No
Gratitude,378635FS,--,Universal Music Publishing Limited,Work Registered,No/Yes
Guiding Light,478722DT,T-011.720.788-1,"Universal Music Corporation
Pw Arrangements
Good Groove Songs Ltd
Universal Music Publishing International Ltd",Work Registered,No/No
Hands Tied,478731FM,--,"Universal Music Corporation
Pw Arrangements
Good Groove Songs Ltd
Universal Music Publishing International Ltd",Work Registered,No/No
Have To Stay,355521BQ,T-928.257.589-7,Universal Music Publishing Limited,Work Fully Documented,Yes/Yes
Have You Ever,3990131R,T-011.721.611-1,"Good Groove Songs Ltd
Universal Music Corporation
Universal Music Publishing International Ltd
Universal/Mca Music Limited",Work Registered,No/No
Have You Ever,478714AR,--,"Universal Music Corporation
Pw Arrangements
Good Groove Songs Ltd
Universal Music Publishing International Ltd",Work Registered,No/No
He Ain't A Man,287967KQ,T-928.124.648-8,,Work Registered,No/No
He Ain't A Man,366132FN,T-928.124.648-8,Universal Music Publishing Limited,Work Registered,No/No
He Who Has Ears,478743KR,T-011.720.790-5,"Universal Music Corporation
Pw Arrangements
Good Groove Songs Ltd
Universal Music Publishing International Ltd",Work Registered,No/No
He Who Has Ears,8741193Y,T-011.720.790-5,"Good Groove Songs Ltd
Universal Music Corporation
Universal Music Publishing International Ltd
Universal/Mca Music Limited",Work Registered,No/No
He's Not It,229763AM,--,"Good Groove Songs Ltd
Universal Music Corporation
Universal Music Publishing International Ltd
Universal/Mca Music Limited",Work Registered,No/No
Headlights,117644GV,T-306.555.723-1,Unknown Publisher,Work Registered,No/Yes
Headlights,992854ER,--,"Notting Hill Music (Uk) Ltd
Kobalt Music Services Ltd
Kobalt Music Publishing Ltd
Kobalt Music Copyrights Sarl",Work Registered,No/No
Heart Attack,186327DU,T-914.433.037-0,"Good Groove Songs Ltd
Universal Music Corporation
Universal Music Publishing International Ltd
Universal/Mca Music Limited",Work Registered,No/No
Heart Whispers,186071EW,T-915.550.504-7,"Good Groove Songs Ltd
Universal Music Corporation
Universal Music Publishing International Ltd
Universal/Mca Music Limited",Work Registered,No/No
Heat,300414CS,T-923.110.129-4,,Work Fully Documented,No/No
Heaven Wait For Me,287967KR,T-928.124.645-5,,Work Registered,No/No
Hell After This,354195CP,T-928.257.583-1,Universal Music Publishing Limited,Work Fully Documented,Yes/Yes
Here I Am,478722FV,--,"Universal Music Corporation
Pw Arrangements
Good Groove Songs Ltd
Universal Music Publishing International Ltd",Work Registered,No/No
Here I Am Again,478714BP,T-011.720.792-7,"Universal Music Corporation
Pw Arrangements
Good Groove Songs Ltd
Universal Music Publishing International Ltd",Work Registered,No/No
Here I Am Again,8741195F,T-011.720.792-7,"Good Groove Songs Ltd
Universal Music Corporation
Universal Music Publishing International Ltd
Universal/Mca Music Limited",Work Registered,No/No
High On Your Love,117644FM,--,"Good Groove Songs Ltd
Universal Music Corporation
Universal Music Publishing International Ltd
Universal/Mca Music Limited",Work Registered,No/No
Hit Me Baby,157476KN,--,"Good Groove Songs Ltd
Universal Music Corporation
Universal Music Publishing International Ltd
Universal/Mca Music Limited",Work Registered,No/No
Hit Me Baby,478731HV,--,"Universal Music Corporation
Pw Arrangements
Good Groove Songs Ltd
Universal Music Publishing International Ltd",Work Registered,No/No
Hold Me,478722GT,T-011.720.793-8,"Universal Music Corporation
Pw Arrangements
Good Groove Songs Ltd
Universal Music Publishing International Ltd",Work Registered,No/No
Hold My Head Up,186327FR,T-911.192.324-1,"Good Groove Songs Ltd
Universal Music Corporation
Universal Music Publishing International Ltd
Universal/Mca Music Limited",Work Registered,No/No
Hold My Head Up,478714CM,T-911.192.324-1,"Universal Music Corporation
Pw Arrangements
Good Groove Songs Ltd
Universal Music Publishing International Ltd",Work Registered,No/No
Hold On,082850HQ,--,"Good Groove Songs Ltd
Universal Music Corporation
Universal Music Publishing International Ltd
Universal/Mca Music Limited",Work Registered,No/No
Hold On,186327FU,--,"Good Groove Songs Ltd
Universal Music Corporation
Universal Music Publishing International Ltd
Universal/Mca Music Limited",Work Registered,No/No
Hold On,478731HW,T-011.720.794-9,"Universal Music Corporation
Pw Arrangements
Good Groove Songs Ltd
Universal Music Publishing International Ltd",Work Registered,No/No
Hold On,8741197C,T-011.720.794-9,"Good Groove Songs Ltd
Universal Music Corporation
Universal Music Publishing International Ltd
Universal/Mca Music Limited",Work Registered,No/No
Hold Out My Hand,186327FV,--,"Good Groove Songs Ltd
Universal Music Corporation
Universal Music Publishing International Ltd
Universal/Mca Music Limited",Work Registered,No/No
Hold Out My Hand,8318108P,--,"Good Groove Songs Ltd
Universal Music Corporation
Universal Music Publishing International Ltd
Universal/Mca Music Limited",Work Registered,No/No
Holding My Breath,157476KQ,T-915.650.946-5,"Good Groove Songs Ltd
Universal Music Corporation
Universal Music Publishing International Ltd
Universal/Mca Music Limited",Work Registered,No/No
Holding My Breath,186327FW,--,"Good Groove Songs Ltd
Universal Music Corporation
Universal Music Publishing International Ltd
Universal/Mca Music Limited",Work Registered,No/No
Holding My Breath,478731KQ,--,"Universal Music Corporation
Pw Arrangements
Good Groove Songs Ltd
Universal Music Publishing International Ltd",Work Registered,No/No
Holding On Too Long,186327GM,--,"Good Groove Songs Ltd
Universal Music Corporation
Universal Music Publishing International Ltd
Universal/Mca Music Limited",Work Registered,No/No
Hollywood Schoolgirl,875534EV,T-011.254.440-7,"Bryan Morrison Music Ltd
Universal Music Publishing International Ltd
Universal Music Publishing Limited",Work Registered,No/No
Homicide,186327GS,T-306.555.777-5,"Good Groove Songs Ltd
Universal Music Corporation
Universal Music Publishing International Ltd
Universal/Mca Music Limited",Work Registered,No/No
Homicide,478714CQ,T-306.555.777-5,"Universal Music Corporation
Pw Arrangements
Good Groove Songs Ltd
Universal Music Publishing International Ltd",Work Registered,No/No
Hot Air Balloons,235216KV,--,"Good Groove Songs Ltd
Universal Music Corporation
Universal Music Publishing International Ltd
Universal/Mca Music Limited",Work Registered,No/No
Hot Air Balloons,369907HW,T-316.996.627-8,"Kmr Ii Gt Publishing Limited
Good Groove Songs Ltd
Universal Music Corporation
Universal Music Publishing International Ltd",Work Registered,No/No
Hot Air Balloons,478744CP,--,"Universal Music Corporation
Pw Arrangements
Good Groove Songs Ltd
Universal Music Publishing International Ltd",Work Registered,No/No
Hot Stuff,082850DW,T-916.405.486-8,"Good Groove Songs Ltd
Universal Music Corporation
Universal Music Publishing International Ltd
Universal/Mca Music Limited",Work Registered,No/Yes
Hot Stuff,186385CV,--,"Good Groove Songs Ltd
Universal Music Corporation
Universal Music Publishing International Ltd
Universal/Mca Music Limited",Work Registered,No/No
How Far I'll Go,287989LT,T-318.066.062-8,,Work Registered,No/No
Human,478744DU,--,"Universal Music Corporation
Pw Arrangements
Good Groove Songs Ltd
Universal Music Publishing International Ltd",Work Registered,No/No
Hungry,478744DV,--,"Universal Music Corporation
Pw Arrangements
Good Groove Songs Ltd
Universal Music Publishing International Ltd",Work Registered,No/No
Hurricane,287989LU,T-320.104.756-1,,Work Registered,No/No
Hurricane,290130FS,T-320.117.602-1,,Work Registered,No/No
Hurricane,478722KN,--,"Universal Music Corporation
Pw Arrangements
Good Groove Songs Ltd
Universal Music Publishing International Ltd",Work Registered,No/No
Hurting,311842KU,T-923.949.731-5,,Work Fully Documented,No/No
Hydrogen,157477KM,--,"Good Groove Songs Ltd
Universal Music Corporation
Universal Music Publishing International Ltd
Universal/Mca Music Limited",Work Registered,No/No
I,321849BP,T-925.401.846-7,,Work Registered,Yes/Yes
I,356069CP,T-925.401.846-7,,Work Registered,No/No
I,366133DM,T-925.401.846-7,Universal Music Publishing Limited,Work Registered,No/No
I 'Ll Be Holding You,478722KS,T-011.720.802-2,"Universal Music Corporation
Pw Arrangements
Good Groove Songs Ltd
Universal Music Publishing International Ltd",Work Registered,No/No
I Am King Of Nothing,287967KS,T-928.124.646-6,,Work Registered,No/No
I Am The Queen,235216LM,--,"Good Groove Songs Ltd
Universal Music Corporation
Universal Music Publishing International Ltd
Universal/Mca Music Limited",Work Registered,No/No
I Am The Queen,369907KN,T-316.996.644-9,"Kmr Ii Gt Publishing Limited
Good Groove Songs Ltd
Universal Music Corporation
Universal Music Publishing International Ltd",Work Registered,No/No
I Apologise,3714631V,T-011.117.119-7,,Work Registered,No/No
I Believe,186385DQ,--,"Good Groove Songs Ltd
Universal Music Corporation
Universal Music Publishing International Ltd
Universal/Mca Music Limited",Work Registered,No/No
I Believe,8741317E,--,"Good Groove Songs Ltd
Universal Music Corporation
Universal Music Publishing International Ltd
Universal/Mca Music Limited",Work Registered,No/No
I Can't Complain,478714DQ,--,"Universal Music Corporation
Pw Arrangements
Good Groove Songs Ltd
Universal Music Publishing International Ltd",Work Registered,No/No
I Can't Help Myself,082858AQ,T-905.187.565-1,"Good Groove Songs Ltd
Universal Music Corporation
Universal Music Publishing International Ltd
Universal/Mca Music Limited",Work Registered,No/No
I Can't Live With Heart Break,186327HS,T-911.192.331-0,"Good Groove Songs Ltd
Universal Music Corporation
Universal Music Publishing International Ltd
Universal/Mca Music Limited",Work Registered,No/No
I Could Be The Lover,478744FM,--,"Universal Music Corporation
Pw Arrangements
Good Groove Songs Ltd
Universal Music Publishing International Ltd",Work Registered,No/No
I Don T Wanna Stop,369907HU,T-902.930.253-2,"Kmr Ii Gt Publishing Limited
Good Groove Songs Ltd
Universal Music Corporation
Universal Music Publishing International Ltd",Work Registered,No/Yes
I Don't Care,102600CV,T-910.780.582-3,"Good Groove Songs Ltd
Unknown Publisher
Universal Music Corporation
Universal Music Publishing International Ltd",Work Registered,Yes/Yes
I Don't Care,157477KN,T-319.856.158-5,"Good Groove Songs Ltd
Universal Music Corporation
Universal Music Publishing International Ltd
Universal/Mca Music Limited",Work Registered,No/No
I Don't Care,186170EP,--,"Good Groove Songs Ltd
Universal Music Corporation
Universal Music Publishing International Ltd
Universal/Mca Music Limited",Work Registered,No/No
I Don't Care,186327HT,--,"Good Groove Songs Ltd
Universal Music Corporation
Universal Music Publishing International Ltd
Universal/Mca Music Limited",Work Registered,No/No
I Don't Know,186327KM,--,"Good Groove Songs Ltd
Universal Music Corporation
Universal Music Publishing International Ltd
Universal/Mca Music Limited",Work Registered,No/No
I Don't Know,478762EW,--,"Universal Music Corporation
Pw Arrangements
Good Groove Songs Ltd
Universal Music Publishing International Ltd",Work Registered,No/No
I Don't Know,8318082F,--,"Good Groove Songs Ltd
Universal Music Corporation
Universal Music Publishing International Ltd
Universal/Mca Music Limited",Work Registered,No/Yes
I Don't Regret,117643GP,--,"Good Groove Songs Ltd
Universal Music Corporation
Universal Music Publishing International Ltd
Universal/Mca Music Limited",Work Registered,No/No
I Don't Regret,119961BU,--,"Good Groove Songs Ltd
Universal Music Corporation
Universal Music Publishing International Ltd
Universal/Mca Music Limited",Work Registered,No/No
I Don't Wanna Go Home,097663UL,--,Unknown Publisher,Work Registered,No/No
I Don't Wanna Go Home,186069LU,--,"Good Groove Songs Ltd
Notting Hill Music (Uk) Ltd
Universal Music Corporation
Universal Music Publishing International Ltd",Work Registered,No/No
I Don't Wanna Kiss You Goodbye,082850FP,--,"Good Groove Songs Ltd
Universal Music Corporation
Universal Music Publishing International Ltd
Universal/Mca Music Limited",Work Registered,No/No
I Don't Wanna Live Forever,287989LQ,T-319.063.406-7,,Work Registered,No/No
I Don't Wanna Lose,478762FM,T-319.507.744-8,"Universal Music Corporation
Pw Arrangements
Good Groove Songs Ltd
Universal Music Publishing International Ltd",Work Registered,No/No
I Don't Wanna Stop,235216KS,--,"Good Groove Songs Ltd
Universal Music Corporation
Universal Music Publishing International Ltd
Universal/Mca Music Limited",Work Registered,No/No
I Feel Free,186327KT,T-319.507.745-9,"Good Groove Songs Ltd
Universal Music Corporation
Universal Music Publishing International Ltd
Universal/Mca Music Limited",Work Registered,No/No
I Feel Free,5603847C,T-011.614.306-6,,Work Registered,No/No
I Feel Like A Ghost,478714DV,T-914.433.044-9,"Universal Music Corporation
Pw Arrangements
Good Groove Songs Ltd
Universal Music Publishing International Ltd",Work Registered,No/No
I Feel Like A Millionaire,478762FR,--,"Universal Music Corporation
Pw Arrangements
Good Groove Songs Ltd
Universal Music Publishing International Ltd",Work Registered,No/No
I Got It,478744GP,T-911.192.333-2,"Universal Music Corporation
Pw Arrangements
Good Groove Songs Ltd
Universal Music Publishing International Ltd",Work Fully Documented,No/No
I Guess We're Finished,186071HN,--,"Good Groove Songs Ltd
Universal Music Corporation
Universal Music Publishing International Ltd
Universal/Mca Music Limited",Work Registered,No/No
I Hate This Love,119961BV,--,"Good Groove Songs Ltd
Universal Music Corporation
Universal Music Publishing International Ltd
Universal/Mca Music Limited",Work Registered,No/No
I Hate This Love,478723AN,--,"Universal Music Corporation
Pw Arrangements
Good Groove Songs Ltd
Universal Music Publishing International Ltd",Work Registered,No/No
I Hate This Love,970282HW,--,Unknown Publisher,Work Registered,No/No
I Hate This Love,992854GT,--,"Notting Hill Music (Uk) Ltd
Kobalt Music Services Ltd
Kobalt Music Publishing Ltd
Kobalt Music Copyrights Sarl",Work Registered,No/No
I Hear Gods,186069KS,T-061.649.954-7,"Metropolis Songs Limited
Good Groove Songs Ltd
Universal Music Corporation
Universal Music Publishing International Ltd",Work Registered,No/No
I Hear Gods,556618CP,--,"Universal Music Corporation
Pw Arrangements
Good Groove Songs Ltd
Songs Of Universal Inc",Work Registered,No/No
I Hear Gods,992854GW,T-061.649.954-7,"Notting Hill Music (Uk) Ltd
Kobalt Music Services Ltd
Kobalt Music Publishing Ltd
Kobalt Music Copyrights Sarl",Work Fully Documented,No/No
I Know,478744GW,T-011.720.799-4,"Universal Music Corporation
Pw Arrangements
Good Groove Songs Ltd
Universal Music Publishing International Ltd",Work Registered,No/No
I Know,8741202L,T-011.720.799-4,"Good Groove Songs Ltd
Universal Music Corporation
Universal Music Publishing International Ltd
Universal/Mca Music Limited",Work Registered,No/No
I Know I Can Be Stronger,970299ET,--,Unknown Publisher,Work Registered,No/No
I Know I Can Be Stronger,992854HM,T-306.554.788-4,"Notting Hill Music (Uk) Ltd
Kobalt Music Services Ltd
Kobalt Music Publishing Ltd
Kobalt Music Copyrights Sarl",Work Registered,No/No
I Like To Jump,082144KN,T-319.644.651-8,,Work Registered,No/No
I Like To Jump,082850BV,T-319.644.651-8,"Good Groove Songs Ltd
Universal Music Corporation
Universal Music Publishing International Ltd
Universal/Mca Music Limited",Work Registered,No/No
I Ll Follow You,992854EQ,--,"Notting Hill Music (Uk) Ltd
Kobalt Music Services Ltd
Kobalt Music Publishing Ltd
Kobalt Music Copyrights Sarl",Work Registered,No/No
I Lose My Way,186327LT,T-011.614.316-8,"Good Groove Songs Ltd
Universal Music Corporation
Universal Music Publishing International Ltd
Universal/Mca Music Limited",Work Registered,No/No
I Lose My Way,478714EP,T-011.614.316-8,"Universal Music Corporation
Pw Arrangements
Good Groove Songs Ltd
Universal Music Publishing International Ltd",Work Registered,No/No
I Love The Way,8748307K,--,"Good Groove Songs Ltd
Universal Music Corporation
Universal Music Publishing International Ltd
Universal/Mca Music Limited",Work Registered,No/Yes
I Miss Her,478732BQ,T-011.720.800-0,"Universal Music Corporation
Pw Arrangements
Good Groove Songs Ltd
Universal Music Publishing International Ltd",Work Registered,No/No
I Miss Her,8741203N,T-011.720.800-0,"Good Groove Songs Ltd
Universal Music Corporation
Universal Music Publishing International Ltd
Universal/Mca Music Limited",Work Registered,No/No
I Need A Saviour,186328AP,--,"Good Groove Songs Ltd
Universal Music Corporation
Universal Music Publishing International Ltd
Universal/Mca Music Limited",Work Registered,No/No
I Need A Saviour,478744HQ,--,"Universal Music Corporation
Pw Arrangements
Good Groove Songs Ltd
Universal Music Publishing International Ltd",Work Registered,No/No
I Need Time,092855AN,T-319.300.611-6,,Work Registered,No/Yes
I Need Time,117645GT,T-319.300.611-6,"Good Groove Songs Ltd
Universal Music Corporation
Universal Music Publishing International Ltd
Universal/Mca Music Limited",Work Registered,No/No
I Need Time,119961BW,--,"Good Groove Songs Ltd
Universal Music Corporation
Universal Music Publishing International Ltd
Universal/Mca Music Limited",Work Registered,No/No
I Need Time,478723AU,--,"Universal Music Corporation
Pw Arrangements
Good Groove Songs Ltd
Universal Music Publishing International Ltd",Work Registered,No/No
I Never Knew,080218HN,T-318.937.298-9,Universal Music Publishing Limited,Work Registered,No/No
I Never Knew,186328AR,--,"Good Groove Songs Ltd
Universal Music Corporation
Universal Music Publishing International Ltd
Universal/Mca Music Limited",Work Registered,No/No
I Never Knew,478744HT,--,"Universal Music Corporation
Pw Arrangements
Good Groove Songs Ltd
Universal Music Publishing International Ltd",Work Registered,No/No
I Never Wanna Sleep,478732BR,T-319.507.746-0,"Universal Music Corporation
Pw Arrangements
Good Groove Songs Ltd
Universal Music Publishing International Ltd",Work Registered,No/No
I Never Wanna Sleep,5603846A,T-011.614.305-5,,Work Registered,No/No
I Pray It Rains,117644GT,T-306.554.803-6,"Good Groove Songs Ltd
Universal Music Corporation
Universal Music Publishing International Ltd
Universal/Mca Music Limited",Work Registered,No/No
I Pray It Rains,119961CM,T-319.749.979-5,"Good Groove Songs Ltd
Universal Music Corporation
Universal Music Publishing International Ltd
Universal/Mca Music Limited",Work Registered,No/No
I Pray It Rains,970372BT,--,Unknown Publisher,Work Registered,No/No
I Pray It Rains,992854FU,T-306.554.803-6,"Notting Hill Music (Uk) Ltd
Kobalt Music Services Ltd
Kobalt Music Publishing Ltd
Kobalt Music Copyrights Sarl",Work Registered,No/No
I See,478744KN,T-011.614.317-9,"Universal Music Corporation
Pw Arrangements
Good Groove Songs Ltd
Universal Music Publishing International Ltd",Work Registered,No/No
I Think It's Time,186328BM,--,"Good Groove Songs Ltd
Universal Music Corporation
Universal Music Publishing International Ltd
Universal/Mca Music Limited",Work Registered,No/No
I Think It's Time,3714587E,T-011.117.098-9,"Good Groove Songs Ltd
Universal Music Corporation
Universal Music Publishing International Ltd
Universal/Mca Music Limited",Work Registered,No/Yes
I Think It's Time,478762HM,--,"Universal Music Corporation
Pw Arrangements
Good Groove Songs Ltd
Universal Music Publishing International Ltd",Work Registered,No/No
I Tried,478714EU,T-011.614.311-3,"Universal Music Corporation
Pw Arrangements
Good Groove Songs Ltd
Universal Music Publishing International Ltd",Work Registered,No/No
I Want A Boyfirned,478732BU,--,"Universal Music Corporation
Pw Arrangements
Good Groove Songs Ltd
Universal Music Publishing International Ltd",Work Registered,No/No
I Won The War,117644HT,--,"Good Groove Songs Ltd
Universal Music Corporation
Universal Music Publishing International Ltd
Universal/Mca Music Limited",Work Registered,No/No
I Won The War,119961CN,--,"Good Groove Songs Ltd
Universal Music Corporation
Universal Music Publishing International Ltd
Universal/Mca Music Limited",Work Registered,No/No
I Won't Give It Up,186328BV,--,"Good Groove Songs Ltd
Universal Music Corporation
Universal Music Publishing International Ltd
Universal/Mca Music Limited",Work Registered,No/No
I Wonder,186328CN,T-914.433.046-1,"Good Groove Songs Ltd
Universal Music Corporation
Universal Music Publishing International Ltd
Universal/Mca Music Limited",Work Registered,No/No
I Wonder,478732CP,T-914.433.046-1,"Universal Music Corporation
Pw Arrangements
Good Groove Songs Ltd
Universal Music Publishing International Ltd",Work Registered,No/No
I Wont Let Go,8741204P,T-011.720.801-1,"Good Groove Songs Ltd
Universal Music Corporation
Universal Music Publishing International Ltd
Universal/Mca Music Limited",Work Registered,No/No
I'll Be Waiting,478744KV,--,"Universal Music Corporation
Pw Arrangements
Good Groove Songs Ltd
Universal Music Publishing International Ltd",Work Registered,No/No
I'll Be Your Woman,186385EN,--,"Good Groove Songs Ltd
Universal Music Corporation
Universal Music Publishing International Ltd
Universal/Mca Music Limited",Work Registered,No/No
I'll Do What I Can,478714FS,T-011.720.803-3,"Universal Music Corporation
Pw Arrangements
Good Groove Songs Ltd
Universal Music Publishing International Ltd",Work Registered,No/No
I'll Follow You,119961CP,--,"Good Groove Songs Ltd
Universal Music Corporation
Universal Music Publishing International Ltd
Universal/Mca Music Limited",Work Registered,No/No
I'll Follow You,186168CS,--,"Good Groove Songs Ltd
Universal Music Corporation
Universal Music Publishing International Ltd
Universal/Mca Music Limited",Work Registered,No/No
I'll Follow You,379088KQ,--,,Work Registered,No/Yes
I'll Follow You,970310CW,--,Unknown Publisher,Work Registered,No/No
I'll Wait For You,186328CW,--,"Good Groove Songs Ltd
Universal Music Corporation
Universal Music Publishing International Ltd
Universal/Mca Music Limited",Work Registered,No/No
I'll Wait For You,478744KW,--,"Universal Music Corporation
Pw Arrangements
Good Groove Songs Ltd
Universal Music Publishing International Ltd",Work Registered,No/No
I'm A Career Girl,875534HW,T-319.644.456-7,"Bryan Morrison Music Ltd
Universal Music Publishing International Ltd
Universal Music Publishing Limited",Work Registered,No/No
I'm A Korean Girl,157477BU,T-915.650.974-9,"Good Groove Songs Ltd
Universal Music Corporation
Universal Music Publishing International Ltd
Universal/Mca Music Limited",Work Registered,No/No
I'm A Korean Girl,478744LM,--,"Universal Music Corporation
Pw Arrangements
Good Groove Songs Ltd
Universal Music Publishing International Ltd",Work Registered,No/No
I'm A Little Obsessed,875534KM,T-011.254.445-2,"Bryan Morrison Music Ltd
Universal Music Publishing International Ltd
Universal Music Publishing Limited",Work Registered,No/No
I'm Addicted To You,026952RF,--,,Work Registered,No/No
I'm Addicted To You,151882GV,T-306.555.719-5,"Good Groove Songs Ltd
Universal Music Corporation
Universal Music Publishing International Ltd
Universal/Mca Music Limited",Work Registered,No/Yes
I'm Coming Home,186170ET,T-319.885.785-7,"Good Groove Songs Ltd
Universal Music Corporation
Universal Music Publishing International Ltd
Universal/Mca Music Limited",Work Registered,No/No
I'm Coming Home,5768442E,T-011.117.136-8,"Good Groove Songs Ltd
Universal Music Corporation
Universal Music Publishing International Ltd
Universal/Mca Music Limited",Work Registered,No/Yes
I'm Feeling Dopey,478732CV,T-909.338.707-6,"Universal Music Corporation
Pw Arrangements
Good Groove Songs Ltd
Universal Music Publishing International Ltd",Work Registered,No/No
I'm Feeling Free,157477KR,--,"Good Groove Songs Ltd
Universal Music Corporation
Universal Music Publishing International Ltd
Universal/Mca Music Limited",Work Registered,No/No
I'm Gana Be The One,478714FT,T-319.886.108-0,"Universal Music Corporation
Pw Arrangements
Good Groove Songs Ltd
Universal Music Publishing International Ltd",Work Registered,No/No
I'm Going Crazy,082849KU,T-911.192.328-5,"Good Groove Songs Ltd
Universal Music Corporation
Universal Music Publishing International Ltd
Universal/Mca Music Limited",Work Fully Documented,No/No
I'm In Too Deep,186328DS,T-911.192.343-4,"Good Groove Songs Ltd
Universal Music Corporation
Universal Music Publishing International Ltd
Universal/Mca Music Limited",Work Registered,No/No
I'm In Too Deep,478744LS,T-911.192.343-4,"Universal Music Corporation
Pw Arrangements
Good Groove Songs Ltd
Universal Music Publishing International Ltd",Work Registered,No/No
I'm Left Here,478714FV,--,"Universal Music Corporation
Pw Arrangements
Good Groove Songs Ltd
Universal Music Publishing International Ltd",Work Registered,No/No
I'm Not A Gangster,186328FR,T-306.555.749-1,"Good Groove Songs Ltd
Universal Music Corporation
Universal Music Publishing International Ltd
Universal/Mca Music Limited",Work Registered,No/No
I'm Not A Gangster,478744LT,T-306.555.749-1,"Universal Music Corporation
Pw Arrangements
Good Groove Songs Ltd
Universal Music Publishing International Ltd",Work Registered,No/No
I'm Not Much Of A Man,478732CW,T-011.720.611-7,"Universal Music Corporation
Pw Arrangements
Good Groove Songs Ltd
Universal Music Publishing International Ltd",Work Registered,No/No
I'm Not Scared,478762HW,T-011.614.307-7,"Universal Music Corporation
Pw Arrangements
Good Groove Songs Ltd
Universal Music Publishing International Ltd",Work Registered,No/No
I'm Not That Strong,478723BU,T-011.720.805-5,"Universal Music Corporation
Pw Arrangements
Good Groove Songs Ltd
Universal Music Publishing International Ltd",Work Registered,No/No
I'm Still Breathing,157477DU,T-915.650.983-0,"Good Groove Songs Ltd
Universal Music Corporation
Universal Music Publishing International Ltd
Universal/Mca Music Limited",Work Registered,No/No
I'm Still Breathing,478714GM,--,"Universal Music Corporation
Pw Arrangements
Good Groove Songs Ltd
Universal Music Publishing International Ltd",Work Registered,No/No
I've Been Waiting,186328HW,--,"Good Groove Songs Ltd
Universal Music Corporation
Universal Music Publishing International Ltd
Universal/Mca Music Limited",Work Registered,No/No
I've Been Waiting,478745AQ,--,"Universal Music Corporation
Pw Arrangements
Good Groove Songs Ltd
Universal Music Publishing International Ltd",Work Registered,No/No
If I Could Bottle Time,229762LT,--,"Good Groove Songs Ltd
Universal Music Corporation
Universal Music Publishing International Ltd
Universal/Mca Music Limited",Work Registered,No/Yes
If I Could Bottle Time,478762LM,--,"Universal Music Corporation
Pw Arrangements
Good Groove Songs Ltd
Universal Music Publishing International Ltd",Work Registered,No/No
If I Get Any Higher,118953DR,--,"Good Groove Songs Ltd
Universal Music Corporation
Universal Music Publishing International Ltd
Universal/Mca Music Limited",Work Registered,No/No
Ignorance In Us Is Bliss,186328FM,T-306.555.828-9,"Good Groove Songs Ltd
Universal Music Corporation
Universal Music Publishing International Ltd
Universal/Mca Music Limited",Work Registered,No/No
Ignorance In Us Is Bliss,478762LS,--,"Universal Music Corporation
Pw Arrangements
Good Groove Songs Ltd
Universal Music Publishing International Ltd",Work Registered,No/No
Ignorance In Us Is Bliss,970301GS,--,Unknown Publisher,Work Registered,No/No
Ignorance In Us Is Bliss,992854HN,T-306.555.828-9,"Notting Hill Music (Uk) Ltd
Kobalt Music Services Ltd
Kobalt Music Publishing Ltd
Kobalt Music Copyrights Sarl",Work Registered,No/No
Ill Be Holding You,8741205Q,T-011.720.802-2,"Good Groove Songs Ltd
Universal Music Corporation
Universal Music Publishing International Ltd
Universal/Mca Music Limited",Work Registered,No/No
Ill Do What I Can,8741206R,T-011.720.803-3,"Good Groove Songs Ltd
Universal Music Corporation
Universal Music Publishing International Ltd
Universal/Mca Music Limited",Work Registered,No/No
Ill Take You Out,8738360H,T-011.720.610-6,"Good Groove Songs Ltd
Universal Music Corporation
Universal Music Publishing International Ltd
Universal/Mca Music Limited",Work Registered,No/No
Illogical Love,082857BV,T-061.408.151-4,"Good Groove Songs Ltd
Universal Music Corporation
Universal Music Publishing International Ltd
Universal/Mca Music Limited",Work Registered,No/No
Illogical Love,186328FN,--,"Good Groove Songs Ltd
Universal Music Corporation
Universal Music Publishing International Ltd
Universal/Mca Music Limited",Work Registered,No/No
Illogical Love,478745BU,--,"Universal Music Corporation
Pw Arrangements
Good Groove Songs Ltd
Universal Music Publishing International Ltd",Work Registered,No/No
Illusion,151882HM,T-306.555.882-5,"Good Groove Songs Ltd
Universal Music Corporation
Universal Music Publishing International Ltd
Universal/Mca Music Limited",Work Registered,No/No
Illusion,478723CQ,--,"Universal Music Corporation
Pw Arrangements
Good Groove Songs Ltd
Universal Music Publishing International Ltd",Work Registered,No/No
Illusion,970324HQ,--,Unknown Publisher,Work Registered,No/No
Illusion,992854DS,T-306.555.882-5,"Notting Hill Music (Uk) Ltd
Kobalt Music Services Ltd
Kobalt Music Publishing Ltd
Kobalt Music Copyrights Sarl",Work Registered,No/No
Im Not A Gangstar,082144KU,T-319.644.655-2,,Work Registered,No/No
Im Not A Gangstar,150857BW,T-319.644.655-2,"Good Groove Songs Ltd
Universal Music Corporation
Universal Music Publishing International Ltd
Universal/Mca Music Limited",Work Registered,No/No
Im Not That Strong,8741208V,T-011.720.805-5,"Good Groove Songs Ltd
Universal Music Corporation
Universal Music Publishing International Ltd
Universal/Mca Music Limited",Work Registered,No/No
Imagine,446507LT,--,Universal Music Publishing Limited,Work Registered,No/No
Immortal,478745BW,T-911.192.336-5,"Universal Music Corporation
Pw Arrangements
Good Groove Songs Ltd
Universal Music Publishing International Ltd",Work Registered,No/No
In A Place,478714GS,--,"Universal Music Corporation
Pw Arrangements
Good Groove Songs Ltd
Universal Music Publishing International Ltd",Work Registered,No/No
In My Bed,117644GP,--,"Good Groove Songs Ltd
Universal Music Corporation
Universal Music Publishing International Ltd
Universal/Mca Music Limited",Work Registered,No/Yes
In My Bed,119961CQ,--,"Good Groove Songs Ltd
Universal Music Corporation
Universal Music Publishing International Ltd
Universal/Mca Music Limited",Work Registered,No/No
In My Bed,478732ES,--,"Universal Music Corporation
Pw Arrangements
Good Groove Songs Ltd
Universal Music Publishing International Ltd",Work Registered,No/No
In The Pines,446508AS,--,Universal Music Publishing Limited,Work Registered,No/Yes
In This Land,8741210Y,T-011.720.807-7,"Good Groove Songs Ltd
Universal Music Corporation
Universal Music Publishing International Ltd
Universal/Mca Music Limited",Work Registered,No/No
Inside Me,117644HV,T-319.745.401-2,"Good Groove Songs Ltd
Universal Music Corporation
Universal Music Publishing International Ltd
Universal/Mca Music Limited",Work Registered,No/No
Inside Me,119961CR,T-319.745.401-2,"Good Groove Songs Ltd
Universal Music Corporation
Universal Music Publishing International Ltd
Universal/Mca Music Limited",Work Registered,No/No
Into My Arms,119961CS,T-319.749.980-8,"Good Groove Songs Ltd
Universal Music Corporation
Universal Music Publishing International Ltd
Universal/Mca Music Limited",Work Registered,No/No
Into My Arms,970388KQ,--,Unknown Publisher,Work Registered,No/No
Into My Arms,992854HQ,T-306.555.906-6,"Notting Hill Music (Uk) Ltd
Kobalt Music Services Ltd
Kobalt Music Publishing Ltd
Kobalt Music Copyrights Sarl",Work Registered,No/No
Intro,5661395J,T-011.622.526-3,"Bryan Morrison Music Ltd
Universal Music Publishing International Ltd
Universal Music Publishing Limited",Work Fully Documented,No/No
Invincible,117643GV,--,"Good Groove Songs Ltd
Universal Music Corporation
Universal Music Publishing International Ltd
Universal/Mca Music Limited",Work Registered,No/No
Invincible,118953BT,--,"Good Groove Songs Ltd
Universal Music Corporation
Universal Music Publishing International Ltd
Universal/Mca Music Limited",Work Registered,No/No
Invincible,478714HQ,--,"Universal Music Corporation
Pw Arrangements
Good Groove Songs Ltd
Universal Music Publishing International Ltd",Work Registered,No/No
Invincible,478745DQ,T-911.192.351-4,"Universal Music Corporation
Pw Arrangements
Good Groove Songs Ltd
Universal Music Publishing International Ltd",Work Fully Documented,No/No
Iron Man,366134CQ,T-928.124.647-7,Universal Music Publishing Limited,Work Registered,No/No
It Hurts,119035GR,T-317.250.014-6,,Work Registered,No/No
It Hurts So Bad,151882HQ,--,"Good Groove Songs Ltd
Universal Music Corporation
Universal Music Publishing International Ltd
Universal/Mca Music Limited",Work Registered,No/Yes
It Hurts So Bad,478714HW,--,"Universal Music Corporation
Pw Arrangements
Good Groove Songs Ltd
Universal Music Publishing International Ltd",Work Registered,No/No
It Is Unfortunate,287967KU,T-928.124.616-0,,Work Registered,No/Yes
It Is Unfortunate,366134DN,T-928.124.616-0,Universal Music Publishing Limited,Work Registered,No/No
It Is Unfortunate - Radio Edit,366134DP,T-319.108.699-0,Universal Music Publishing Limited,Work Registered,No/No
It's Alright,186328HP,--,"Good Groove Songs Ltd
Universal Music Corporation
Universal Music Publishing International Ltd
Universal/Mca Music Limited",Work Registered,No/No
It's Alright,478732GS,--,"Universal Music Corporation
Pw Arrangements
Good Groove Songs Ltd
Universal Music Publishing International Ltd",Work Registered,No/No
It's As If She's Still Here,186328HR,--,"Good Groove Songs Ltd
Universal Music Corporation
Universal Music Publishing International Ltd
Universal/Mca Music Limited",Work Registered,No/No
It's As If She's Still Here,3990130Q,T-010.248.735-3,"Bucks Music Group Ltd
Bryan Morrison Music Ltd
Universal Music Publishing International Ltd
Universal Music Publishing Limited",Work Registered,Yes/Yes
It's Not Allowed,478745ER,--,"Universal Music Corporation
Pw Arrangements
Good Groove Songs Ltd
Universal Music Publishing International Ltd",Work Registered,No/No
It's So Easy,119961CT,--,"Good Groove Songs Ltd
Universal Music Corporation
Universal Music Publishing International Ltd
Universal/Mca Music Limited",Work Registered,No/No
It's So Easy,186328HT,--,"Good Groove Songs Ltd
Universal Music Corporation
Universal Music Publishing International Ltd
Universal/Mca Music Limited",Work Registered,No/No
It's So Easy,478714KR,--,"Universal Music Corporation
Pw Arrangements
Good Groove Songs Ltd
Universal Music Publishing International Ltd",Work Registered,No/No
It's The Kid,186328HV,--,"Good Groove Songs Ltd
Universal Music Corporation
Universal Music Publishing International Ltd
Universal/Mca Music Limited",Work Registered,No/No
Its The Kid,4926388Q,--,"Good Groove Songs Ltd
Universal Music Corporation
Universal Music Publishing International Ltd
Universal/Mca Music Limited",Work Registered,No/No
Jukebox,082857CT,T-061.408.152-5,"Good Groove Songs Ltd
Universal Music Corporation
Universal Music Publishing International Ltd
Universal/Mca Music Limited",Work Registered,No/No
Jukebox,9382076Y,T-319.284.862-3,"Good Groove Songs Ltd
Universal Music Corporation
Universal Music Publishing International Ltd
Universal/Mca Music Limited",Work Registered,No/Yes
Jump Up,186328KP,T-911.192.345-6,"Good Groove Songs Ltd
Universal Music Corporation
Universal Music Publishing International Ltd
Universal/Mca Music Limited",Work Registered,No/No
Just A Dream,300878GW,T-923.159.755-0,,Work Fully Documented,No/No
Just Cant Stop,8318107N,--,"Good Groove Songs Ltd
Universal Music Corporation
Universal Music Publishing International Ltd
Universal/Mca Music Limited",Work Registered,No/Yes
Keep Me Beggin For More,186325CR,--,"Good Groove Songs Ltd
Universal Music Corporation
Universal Music Publishing International Ltd
Universal/Mca Music Limited",Work Registered,No/No
Keep Me Beggin For More,478745GM,--,"Universal Music Corporation
Pw Arrangements
Good Groove Songs Ltd
Universal Music Publishing International Ltd",Work Registered,No/No
Keep Me Hanging On,119961CU,--,"Good Groove Songs Ltd
Universal Music Corporation
Universal Music Publishing International Ltd
Universal/Mca Music Limited",Work Registered,No/No
Keep Me Hanging On,478745GN,--,"Universal Music Corporation
Pw Arrangements
Good Groove Songs Ltd
Universal Music Publishing International Ltd",Work Registered,No/No
Keep On Breathing,311842LV,T-923.949.747-3,,Work Fully Documented,No/No
Kids In The 21St Century,186328KT,T-914.852.391-5,"Good Groove Songs Ltd
Universal Music Corporation
Universal Music Publishing International Ltd
Universal/Mca Music Limited",Work Registered,No/No
Killer On The Dancefloor,082850FN,--,"Good Groove Songs Ltd
Universal Music Corporation
Universal Music Publishing International Ltd
Universal/Mca Music Limited",Work Registered,No/Yes
Killer On The Dancefloor,186328KU,--,"Good Groove Songs Ltd
Universal Music Corporation
Universal Music Publishing International Ltd
Universal/Mca Music Limited",Work Registered,No/No
Krime,478732LS,--,"Universal Music Corporation
Pw Arrangements
Good Groove Songs Ltd
Universal Music Publishing International Ltd",Work Registered,No/No
Laid Back Girl,186324FR,--,"Good Groove Songs Ltd
Universal Music Corporation
Universal Music Publishing International Ltd
Universal/Mca Music Limited",Work Registered,No/No
Laid Back Girl,369907HR,--,"Kmr Ii Gt Publishing Limited
Good Groove Songs Ltd
Universal Music Corporation
Universal Music Publishing International Ltd",Work Registered,No/No
Laughing Without Me,478723FR,T-011.720.613-9,"Universal Music Corporation
Pw Arrangements
Good Groove Songs Ltd
Universal Music Publishing International Ltd",Work Registered,No/No
Laughing Without Me,8738500N,T-011.720.613-9,"Good Groove Songs Ltd
Universal Music Corporation
Universal Music Publishing International Ltd
Universal/Mca Music Limited",Work Registered,No/No
Lay Me Down,8741221P,T-011.720.812-4,"Good Groove Songs Ltd
Universal Music Corporation
Universal Music Publishing International Ltd
Universal/Mca Music Limited",Work Registered,No/Yes
Leave A Light On,478745KT,--,"Universal Music Corporation
Pw Arrangements
Good Groove Songs Ltd
Universal Music Publishing International Ltd",Work Registered,No/No
Let Him Hear,8741222Q,T-011.720.813-5,"Good Groove Songs Ltd
Universal Music Corporation
Universal Music Publishing International Ltd
Universal/Mca Music Limited",Work Registered,No/Yes
Let It Out,186328LU,--,"Good Groove Songs Ltd
Universal Music Corporation
Universal Music Publishing International Ltd
Universal/Mca Music Limited",Work Registered,No/No
Let Loose,186328LV,--,"Good Groove Songs Ltd
Universal Music Corporation
Universal Music Publishing International Ltd
Universal/Mca Music Limited",Work Registered,No/No
Let Loose,3714573K,T-011.117.091-2,"Good Groove Songs Ltd
Universal Music Corporation
Universal Music Publishing International Ltd
Universal/Mca Music Limited",Work Registered,No/No
Let Loose,478733AT,--,"Universal Music Corporation
Pw Arrangements
Good Groove Songs Ltd
Universal Music Publishing International Ltd",Work Registered,No/No
Let Me Be The One,186329AM,T-011.775.945-1,"Good Groove Songs Ltd
Universal Music Corporation
Universal Music Publishing International Ltd
Universal/Mca Music Limited",Work Registered,No/No
Let Me Be The One,478745LM,T-011.775.945-1,"Universal Music Corporation
Pw Arrangements
Good Groove Songs Ltd
Universal Music Publishing International Ltd",Work Registered,No/No
Let Me Be The One,9382065H,T-011.775.945-1,"Good Groove Songs Ltd
Universal Music Corporation
Universal Music Publishing International Ltd
Universal/Mca Music Limited",Work Fully Documented,No/Yes
Let Me Breathe,478733AW,T-011.614.308-8,"Universal Music Corporation
Pw Arrangements
Good Groove Songs Ltd
Universal Music Publishing International Ltd",Work Registered,No/No
Let Me Go,478764DW,T-011.720.814-6,"Universal Music Corporation
Pw Arrangements
Good Groove Songs Ltd
Universal Music Publishing International Ltd",Work Registered,No/No
Let Our Love,478733BM,T-011.720.815-7,"Universal Music Corporation
Pw Arrangements
Good Groove Songs Ltd
Universal Music Publishing International Ltd",Work Registered,No/No
Let Our Love,8741225V,T-011.720.815-7,"Good Groove Songs Ltd
Universal Music Corporation
Universal Music Publishing International Ltd
Universal/Mca Music Limited",Work Registered,No/No
Let's Hear It,186329AT,--,"Good Groove Songs Ltd
Universal Music Corporation
Universal Music Publishing International Ltd
Universal/Mca Music Limited",Work Registered,No/No
Let's Party,478733BS,--,"Universal Music Corporation
Pw Arrangements
Good Groove Songs Ltd
Universal Music Publishing International Ltd",Work Registered,No/No
Let's Talk About Love,186329AU,--,"Good Groove Songs Ltd
Universal Music Corporation
Universal Music Publishing International Ltd
Universal/Mca Music Limited",Work Registered,No/No
Let's Talk About Love,3714635F,T-011.117.121-1,"Good Groove Songs Ltd
Universal Music Corporation
Universal Music Publishing International Ltd
Universal/Mca Music Limited",Work Registered,No/Yes
Lets Hear It,082144HU,T-319.644.647-2,,Work Registered,No/No
Lift Me Up,157477EM,T-915.650.984-1,"Good Groove Songs Ltd
Universal Music Corporation
Universal Music Publishing International Ltd
Universal/Mca Music Limited",Work Registered,Yes/Yes
Lift Me Up,970312EN,--,Unknown Publisher,Work Registered,No/No
Lift Me Up,992854ES,T-915.650.984-1,"Notting Hill Music (Uk) Ltd
Kobalt Music Services Ltd
Kobalt Music Publishing Ltd
Kobalt Music Copyrights Sarl",Work Registered,No/No
Like I'm Supposed To,186329BN,--,"Good Groove Songs Ltd
Universal Music Corporation
Universal Music Publishing International Ltd
Universal/Mca Music Limited",Work Registered,No/No
Like You Do,369907KP,T-316.996.654-1,"Kmr Ii Gt Publishing Limited
Good Groove Songs Ltd
Universal Music Corporation
Universal Music Publishing International Ltd",Work Registered,No/No
Lion Of The Jungle,186329BQ,--,"Good Groove Songs Ltd
Universal Music Corporation
Universal Music Publishing International Ltd
Universal/Mca Music Limited",Work Registered,No/No
Lion Of The Jungle,478723GN,--,"Universal Music Corporation
Pw Arrangements
Good Groove Songs Ltd
Universal Music Publishing International Ltd",Work Registered,No/No
Little Girl Youre So High,5603844Z,T-011.614.303-3,"Good Groove Songs Ltd
Universal Music Corporation
Universal Music Publishing International Ltd
Universal/Mca Music Limited",Work Fully Documented,No/No
Little Lucy,4857561Z,T-011.254.447-4,"Good Groove Songs Ltd
Universal Music Corporation
Universal Music Publishing International Ltd
Universal/Mca Music Limited",Work Registered,No/No
London Town,478715CQ,T-914.852.392-6,"Universal Music Corporation
Pw Arrangements
Good Groove Songs Ltd
Universal Music Publishing International Ltd",Work Registered,No/No
Loneliness,161059BN,T-916.405.490-4,"Good Groove Songs Ltd
Universal Music Corporation
Universal Music Publishing International Ltd
Universal/Mca Music Limited",Work Registered,No/No
Loneliness,186170KT,--,"Good Groove Songs Ltd
Universal Music Corporation
Universal Music Publishing International Ltd
Universal/Mca Music Limited",Work Registered,No/No
Loneliness,478723GV,--,"Universal Music Corporation
Pw Arrangements
Good Groove Songs Ltd
Universal Music Publishing International Ltd",Work Registered,No/No
Lonely,186329BW,--,"Good Groove Songs Ltd
Universal Music Corporation
Universal Music Publishing International Ltd
Universal/Mca Music Limited",Work Registered,No/Yes
Lonely,478733DM,--,"Universal Music Corporation
Pw Arrangements
Good Groove Songs Ltd
Universal Music Publishing International Ltd",Work Registered,No/No
Lost In Love,478723HN,T-011.720.816-8,"Universal Music Corporation
Pw Arrangements
Good Groove Songs Ltd
Universal Music Publishing International Ltd",Work Registered,No/No
Lost In Love,8741226X,T-011.720.816-8,"Good Groove Songs Ltd
Universal Music Corporation
Universal Music Publishing International Ltd
Universal/Mca Music Limited",Work Registered,No/No
Lost In This Moment,186329CP,T-011.615.637-6,"Good Groove Songs Ltd
Universal Music Corporation
Universal Music Publishing International Ltd
Universal/Mca Music Limited",Work Registered,No/Yes
Lost In Vienna,117644FQ,--,"Good Groove Songs Ltd
Grinnin Publishing
Universal Music Corporation
Bucks Music Group Ltd",Work Registered,No/Yes
Lost In Vienna,186072CQ,--,"Good Groove Songs Ltd
Universal Music Corporation
Universal Music Publishing International Ltd
Universal/Mca Music Limited",Work Registered,No/No
Love,365504ET,T-319.096.913-8,Universal Music Publishing Limited,Work Registered,No/No
Love Another Day,186329CQ,--,"Good Groove Songs Ltd
Universal Music Corporation
Universal Music Publishing International Ltd
Universal/Mca Music Limited",Work Registered,No/No
Love Another Day,478764HW,--,"Universal Music Corporation
Pw Arrangements
Good Groove Songs Ltd
Universal Music Publishing International Ltd",Work Registered,No/No
Love Love Love You Baby,186329CS,--,"Good Groove Songs Ltd
Universal Music Corporation
Universal Music Publishing International Ltd
Universal/Mca Music Limited",Work Registered,No/No
Love Love Love You Baby,478715CW,--,"Universal Music Corporation
Pw Arrangements
Good Groove Songs Ltd
Universal Music Publishing International Ltd",Work Registered,No/No
Love Murderer,186329CT,T-914.852.393-7,"Good Groove Songs Ltd
Universal Music Corporation
Universal Music Publishing International Ltd
Universal/Mca Music Limited",Work Registered,No/No
Love Murderer,478746BW,T-914.852.393-7,"Universal Music Corporation
Pw Arrangements
Good Groove Songs Ltd
Universal Music Publishing International Ltd",Work Registered,No/No
Love You Anyway,186329DP,--,"Good Groove Songs Ltd
Universal Music Corporation
Universal Music Publishing International Ltd
Universal/Mca Music Limited",Work Registered,No/No
Love You Anyway,478723HV,--,"Universal Music Corporation
Pw Arrangements
Good Groove Songs Ltd
Universal Music Publishing International Ltd",Work Registered,No/No
Luciano,478715DV,T-011.615.638-7,"Universal Music Corporation
Pw Arrangements
Good Groove Songs Ltd
Universal Music Publishing International Ltd",Work Registered,No/No
Make Things Right,478723KU,--,"Universal Music Corporation
Pw Arrangements
Good Groove Songs Ltd
Universal Music Publishing International Ltd",Work Registered,No/No
Make Your Body Shake,4891067Y,--,"Good Groove Songs Ltd
Universal Music Corporation
Universal Music Publishing International Ltd
Universal/Mca Music Limited",Work Registered,Yes/Yes
Making Up,186329DS,--,"Good Groove Songs Ltd
Universal Music Corporation
Universal Music Publishing International Ltd
Universal/Mca Music Limited",Work Registered,No/No
March Of The Calculations,186329DU,T-011.622.531-0,"Good Groove Songs Ltd
Universal Music Corporation
Universal Music Publishing International Ltd
Universal/Mca Music Limited",Work Registered,No/No
March Of The Calculations,478733FM,T-011.622.531-0,"Universal Music Corporation
Pw Arrangements
Good Groove Songs Ltd
Universal Music Publishing International Ltd",Work Registered,No/No
Mecca Holiday,478746DS,T-915.650.986-3,"Universal Music Corporation
Pw Arrangements
Good Groove Songs Ltd
Universal Music Publishing International Ltd",Work Registered,No/No
Melody,337008GQ,T-926.985.300-1,,Work Registered,No/No
Melody,365505CP,T-926.985.300-1,Universal Music Publishing Limited,Work Registered,No/No
Men Men Men,102600DM,T-910.780.584-5,"Good Groove Songs Ltd
Unknown Publisher
Universal Music Corporation
Universal Music Publishing International Ltd",Work Registered,Yes/Yes
Men Men Men,249794FU,T-910.780.584-5,"Office Girls Partnership Ltd Dba Og Music
Supreme Songs Ltd",Work Registered,No/No
Mercy,300878HM,T-923.159.756-1,,Work Fully Documented,No/No
Millionaire,082851DN,--,"Good Groove Songs Ltd
Universal Music Corporation
Universal Music Publishing International Ltd
Universal/Mca Music Limited",Work Registered,No/No
Millionaire,186385KR,--,"Good Groove Songs Ltd
Universal Music Corporation
Universal Music Publishing International Ltd
Universal/Mca Music Limited",Work Registered,No/No
Millionaire,478715FS,--,"Universal Music Corporation
Pw Arrangements
Good Groove Songs Ltd
Universal Music Publishing International Ltd",Work Registered,No/No
Mind Body And Soul,082850DV,T-319.289.033-4,"Good Groove Songs Ltd
Universal Music Corporation
Universal Music Publishing International Ltd
Universal/Mca Music Limited",Work Registered,No/No
Mind Body And Soul,8748312R,T-319.289.033-4,"Good Groove Songs Ltd
Universal Music Corporation
Universal Music Publishing International Ltd
Universal/Mca Music Limited",Work Registered,No/Yes
Mission Accomplished,186329ES,T-011.622.538-7,"Good Groove Songs Ltd
Universal Music Corporation
Universal Music Publishing International Ltd
Universal/Mca Music Limited",Work Registered,No/No
Money's Hot,478715GP,--,"Universal Music Corporation
Pw Arrangements
Good Groove Songs Ltd
Universal Music Publishing International Ltd",Work Registered,No/No
Moneys Hot,8741229F,T-011.720.818-0,"Good Groove Songs Ltd
Universal Music Corporation
Universal Music Publishing International Ltd
Universal/Mca Music Limited",Work Registered,No/No
Moonlight,186329EV,--,"Good Groove Songs Ltd
Universal Music Corporation
Universal Music Publishing International Ltd
Universal/Mca Music Limited",Work Registered,No/No
Moonlight,9382073T,T-912.671.970-8,"Good Groove Songs Ltd
Sony/Atv Music Publishing (Uk) Limited
Universal Music Corporation
Universal Music Publishing International Ltd",Work Registered,No/Yes
Move Your Body,082850CQ,T-011.720.819-1,"Good Groove Songs Ltd
Universal Music Corporation
Universal Music Publishing International Ltd
Universal/Mca Music Limited",Work Registered,No/Yes
Move Your Body,8741230A,T-011.720.819-1,"Good Groove Songs Ltd
Universal Music Corporation
Universal Music Publishing International Ltd
Universal/Mca Music Limited",Work Registered,No/Yes
Mr Mystery,3714569C,T-011.117.088-7,"Good Groove Songs Ltd
Universal Music Corporation
Universal Music Publishing International Ltd
Universal/Mca Music Limited",Work Registered,No/Yes
Mr Mystery,478733GT,--,"Universal Music Corporation
Pw Arrangements
Good Groove Songs Ltd
Universal Music Publishing International Ltd",Work Registered,No/No
Murder In The First Degree,186329FQ,--,"Good Groove Songs Ltd
Universal Music Corporation
Universal Music Publishing International Ltd
Universal/Mca Music Limited",Work Registered,No/No
Murder In The First Degree,478733GV,--,"Universal Music Corporation
Pw Arrangements
Good Groove Songs Ltd
Universal Music Publishing International Ltd",Work Registered,No/No
Murder In The First Degree,9382070P,T-319.284.846-3,"Good Groove Songs Ltd
Universal Music Corporation
Universal Music Publishing International Ltd
Universal/Mca Music Limited",Work Registered,No/No
Music Starts To Play,144100DV,T-011.119.477-4,,Work Registered,No/No
Music Starts To Play,3742409V,T-011.119.477-4,"Good Groove Songs Ltd
Universal Music Corporation
Universal Music Publishing International Ltd
Universal/Mca Music Limited",Work Registered,No/No
My Mystique,478715HM,T-916.993.458-1,"Universal Music Corporation
Pw Arrangements
Good Groove Songs Ltd
Universal Music Publishing International Ltd",Work Registered,No/No
My Private Confession,117684AN,T-319.745.441-0,"Good Groove Songs Ltd
Universal Music Corporation
Universal Music Publishing International Ltd
Universal/Mca Music Limited",Work Registered,No/No
My Private Confession,161077BR,T-319.745.441-0,Warner Chappell Music Ltd,Work Registered,No/No
Never Could I,478715KQ,T-011.720.614-0,"Universal Music Corporation
Pw Arrangements
Good Groove Songs Ltd
Universal Music Publishing International Ltd",Work Registered,No/No
Never Never Be,4857562F,T-011.254.448-5,"Good Groove Songs Ltd
Universal Music Corporation
Universal Music Publishing International Ltd
Universal/Mca Music Limited",Work Registered,No/Yes
New York,287989LV,T-320.104.755-0,,Work Registered,No/No
Nine Million Children,384817LM,--,Universal Music Publishing Limited,Work Registered,No/Yes
No More,282626DR,T-319.115.293-5,,Work Registered,No/No
No More,287967KW,T-319.115.293-5,,Work Registered,No/No
No More,478715LR,--,"Universal Music Corporation
Pw Arrangements
Good Groove Songs Ltd
Universal Music Publishing International Ltd",Work Registered,No/No
No More,8741319J,--,"Good Groove Songs Ltd
Universal Music Corporation
Universal Music Publishing International Ltd
Universal/Mca Music Limited",Work Registered,No/No
No Woman Should Cry,478734AP,--,"Universal Music Corporation
Pw Arrangements
Good Groove Songs Ltd
Universal Music Publishing International Ltd",Work Registered,No/No
Nothing's Impossible,186329GR,--,"Good Groove Songs Ltd
Universal Music Corporation
Universal Music Publishing International Ltd
Universal/Mca Music Limited",Work Registered,No/No
Now My Mind's Made Up,478747BM,--,"Universal Music Corporation
Pw Arrangements
Good Groove Songs Ltd
Universal Music Publishing International Ltd",Work Registered,No/No
Now You're Gone,186329GU,--,"Good Groove Songs Ltd
Universal Music Corporation
Universal Music Publishing International Ltd
Universal/Mca Music Limited",Work Registered,No/No
Now You're Gone,290130GS,T-320.117.603-2,,Work Registered,No/No
Now You're Gone,478747BP,--,"Universal Music Corporation
Pw Arrangements
Good Groove Songs Ltd
Universal Music Publishing International Ltd",Work Registered,No/No
Nowhere To Be Found,478747BQ,--,"Universal Music Corporation
Pw Arrangements
Good Groove Songs Ltd
Universal Music Publishing International Ltd",Work Registered,No/No
Numb,291159HP,T-922.365.964-1,,Work Fully Documented,No/No
Of Flesh And Blood Ambience,174663CT,T-306.555.814-3,"Good Groove Songs Ltd
Universal Music Corporation
Universal Music Publishing International Ltd
Universal/Mca Music Limited",Work Registered,No/No
Of Flesh And Blood Ambience,186329GW,T-306.555.814-3,"Good Groove Songs Ltd
Universal Music Corporation
Universal Music Publishing International Ltd
Universal/Mca Music Limited",Work Registered,No/No
Of Flesh And Blood Ambience,478734BV,T-306.555.814-3,"Universal Music Corporation
Pw Arrangements
Good Groove Songs Ltd
Universal Music Publishing International Ltd",Work Registered,No/No
Oh Baby,186329HN,--,"Good Groove Songs Ltd
Universal Music Corporation
Universal Music Publishing International Ltd
Universal/Mca Music Limited",Work Registered,No/No
Oh Baby,478766GN,--,"Universal Music Corporation
Pw Arrangements
Good Groove Songs Ltd
Universal Music Publishing International Ltd",Work Registered,No/No
Oh No,478716AT,T-011.720.820-4,"Universal Music Corporation
Pw Arrangements
Good Groove Songs Ltd
Universal Music Publishing International Ltd",Work Registered,No/No
Oh No,8741232E,T-011.720.820-4,"Good Groove Songs Ltd
Universal Music Corporation
Universal Music Publishing International Ltd
Universal/Mca Music Limited",Work Registered,No/No
Oh Uh Oh,186329HR,--,"Good Groove Songs Ltd
Universal Music Corporation
Universal Music Publishing International Ltd
Universal/Mca Music Limited",Work Registered,No/No
Ok Corral,186329HS,--,"Good Groove Songs Ltd
Universal Music Corporation
Universal Music Publishing International Ltd
Universal/Mca Music Limited",Work Registered,No/No
Ok Corral,478747BW,--,"Universal Music Corporation
Pw Arrangements
Good Groove Songs Ltd
Universal Music Publishing International Ltd",Work Registered,No/No
On My Knees,186329HT,--,"Good Groove Songs Ltd
Universal Music Corporation
Universal Music Publishing International Ltd
Universal/Mca Music Limited",Work Registered,No/No
On My Knees,8753684R,T-319.289.546-4,"Good Groove Songs Ltd
Universal Music Corporation
Universal Music Publishing International Ltd
Universal/Mca Music Limited",Work Registered,No/No
One Extreme,478734CS,--,"Universal Music Corporation
Pw Arrangements
Good Groove Songs Ltd
Universal Music Publishing International Ltd",Work Registered,No/No
One Last Time,287968BM,T-320.104.757-2,,Work Registered,No/No
One Last Time,287989LW,T-320.104.757-2,,Work Registered,No/No
One More Chance,478734CU,T-011.614.295-0,"Universal Music Corporation
Pw Arrangements
Good Groove Songs Ltd
Universal Music Publishing International Ltd",Work Registered,No/No
One More Chance,5603836N,T-011.614.295-0,"Good Groove Songs Ltd
Universal Music Corporation
Universal Music Publishing International Ltd
Universal/Mca Music Limited",Work Registered,No/No
One Of A Kind,478724EW,T-011.614.312-4,"Universal Music Corporation
Pw Arrangements
Good Groove Songs Ltd
Universal Music Publishing International Ltd",Work Registered,No/No
One Of A Kind,5603853N,T-011.614.312-4,"Good Groove Songs Ltd
Universal Music Corporation
Universal Music Publishing International Ltd
Universal/Mca Music Limited",Work Registered,No/No
One Step In The Right Direction,117644HS,--,"Good Groove Songs Ltd
Universal Music Corporation
Universal Music Publishing International Ltd
Universal/Mca Music Limited",Work Registered,No/Yes
One Step In The Right Direction,119961DM,--,"Good Groove Songs Ltd
Universal Music Corporation
Universal Music Publishing International Ltd
Universal/Mca Music Limited",Work Registered,No/No
One Step In The Right Direction,186171DN,--,"Good Groove Songs Ltd
Universal Music Corporation
Universal Music Publishing International Ltd
Universal/Mca Music Limited",Work Registered,No/No
Opposites,151882KQ,--,"Good Groove Songs Ltd
Universal Music Corporation
Universal Music Publishing International Ltd
Universal/Mca Music Limited",Work Registered,No/No
Opposites,186329KR,--,"Good Groove Songs Ltd
Universal Music Corporation
Universal Music Publishing International Ltd
Universal/Mca Music Limited",Work Registered,No/No
Opposites,478734DT,--,"Universal Music Corporation
Pw Arrangements
Good Groove Songs Ltd
Universal Music Publishing International Ltd",Work Registered,No/No
Our Finest Hour,186329KT,T-011.622.824-0,"Good Groove Songs Ltd
Universal Music Corporation
Universal Music Publishing International Ltd
Universal/Mca Music Limited",Work Registered,No/No
Out Of My Mind,478766LM,--,"Universal Music Corporation
Pw Arrangements
Good Groove Songs Ltd
Universal Music Publishing International Ltd",Work Registered,No/No
Outer Space,260439CQ,T-918.751.537-3,"Kmr Ii Gt Publishing Limited
Universal Music Publishing Limited",Work Registered,No/Yes
Paint It With Fire,970309DR,--,Unknown Publisher,Work Registered,No/No
Paint It With Fire,992854FW,T-306.555.923-7,"Notting Hill Music (Uk) Ltd
Kobalt Music Services Ltd
Kobalt Music Publishing Ltd
Kobalt Music Copyrights Sarl",Work Registered,No/No
Paradise,235216LP,--,"Good Groove Songs Ltd
Universal Music Corporation
Universal Music Publishing International Ltd
Universal/Mca Music Limited",Work Registered,No/Yes
Paradise,260439CN,T-316.996.663-2,"Kmr Ii Gt Publishing Limited
Universal Music Publishing Limited",Work Registered,No/No
Paradise,369907KQ,T-316.996.663-2,"Kmr Ii Gt Publishing Limited
Good Groove Songs Ltd
Universal Music Corporation
Universal Music Publishing International Ltd",Work Registered,No/No
Paradise,478747FW,--,"Universal Music Corporation
Pw Arrangements
Good Groove Songs Ltd
Universal Music Publishing International Ltd",Work Registered,No/No
Party For Living,478716CR,--,"Universal Music Corporation
Pw Arrangements
Good Groove Songs Ltd
Universal Music Publishing International Ltd",Work Registered,No/No
Party Girlz,186329LR,--,"Good Groove Songs Ltd
Universal Music Corporation
Universal Music Publishing International Ltd
Universal/Mca Music Limited",Work Registered,No/No
Party Girlz,478747GU,--,"Universal Music Corporation
Pw Arrangements
Good Groove Songs Ltd
Universal Music Publishing International Ltd",Work Registered,No/No
Party Girlz,8741487E,T-319.288.678-1,"Good Groove Songs Ltd
Universal Music Corporation
Universal Music Publishing International Ltd
Universal/Mca Music Limited",Work Registered,No/No
Peaceful Man,478747HP,T-011.720.822-6,"Universal Music Corporation
Pw Arrangements
Good Groove Songs Ltd
Universal Music Publishing International Ltd",Work Registered,No/No
Peoples Anthem,075294DM,T-910.268.579-0,"Good Groove Songs Ltd
Universal Music Corporation
Universal Music Publishing International Ltd
Universal/Mca Music Limited",Work Registered,No/Yes
Peoples Anthem,478747HS,--,"Universal Music Corporation
Pw Arrangements
Good Groove Songs Ltd
Universal Music Publishing International Ltd",Work Registered,No/No
Pink Champagne,478734FW,T-011.614.296-1,"Universal Music Corporation
Pw Arrangements
Good Groove Songs Ltd
Universal Music Publishing International Ltd",Work Registered,No/No
Pink Champagne,5603837P,T-011.614.296-1,"Good Groove Songs Ltd
Universal Music Corporation
Universal Music Publishing International Ltd
Universal/Mca Music Limited",Work Registered,No/No
Play,285333GT,T-921.600.158-0,,Work Registered,No/No
Play Me Butterfly,082857CM,T-061.408.154-7,"Good Groove Songs Ltd
Universal Music Corporation
Universal Music Publishing International Ltd
Universal/Mca Music Limited",Work Registered,No/No
Play Me Butterfly,478747LM,--,"Universal Music Corporation
Pw Arrangements
Good Groove Songs Ltd
Universal Music Publishing International Ltd",Work Registered,No/No
Play Me Butterfly,9326169H,T-319.282.841-0,"Good Groove Songs Ltd
Universal Music Corporation
Universal Music Publishing International Ltd
Universal/Mca Music Limited",Work Registered,No/No
Play Softly,365508DQ,T-929.034.888-8,Universal Music Publishing Limited,Work Fully Documented,No/Yes
Poison,478716GN,--,"Universal Music Corporation
Pw Arrangements
Good Groove Songs Ltd
Universal Music Publishing International Ltd",Work Registered,No/No
Poor Again,102600CU,T-910.780.581-2,"Good Groove Songs Ltd
Unknown Publisher
Universal Music Corporation
Universal Music Publishing International Ltd",Work Registered,Yes/Yes
Poor Again,186330AQ,--,"Good Groove Songs Ltd
Universal Music Corporation
Universal Music Publishing International Ltd
Universal/Mca Music Limited",Work Registered,No/No
Praying,288530KM,T-922.219.605-6,,Work Fully Documented,No/Yes
Pressure,186324LS,--,"Good Groove Songs Ltd
Universal Music Corporation
Universal Music Publishing International Ltd
Universal/Mca Music Limited",Work Registered,No/No
Pressure,478716GR,--,"Universal Music Corporation
Pw Arrangements
Good Groove Songs Ltd
Universal Music Publishing International Ltd",Work Registered,No/No
Prisoner,186330AR,--,"Good Groove Songs Ltd
Universal Music Corporation
Universal Music Publishing International Ltd
Universal/Mca Music Limited",Work Registered,No/No
Prisoner,478767KR,--,"Universal Music Corporation
Pw Arrangements
Good Groove Songs Ltd
Universal Music Publishing International Ltd",Work Registered,No/No
Prisoner,747852FS,T-318.631.270-5,"Good Groove Songs Ltd
Universal Music Corporation
Universal Music Publishing International Ltd
Universal/Mca Music Limited",Work Registered,No/Yes
Project 1 - Sound Rush Remix,066704RL,T-924.949.250-0,"Good Groove Songs Ltd
Cloud 9 Holland Music Publishing
Dj Publishing
Sentric Music Publishing Ltd",Work Fully Documented,No/No
Psycho,186329LU,--,"Good Groove Songs Ltd
Universal Music Corporation
Universal Music Publishing International Ltd
Universal/Mca Music Limited",Work Registered,No/No
Psycho,478748BS,--,"Universal Music Corporation
Pw Arrangements
Good Groove Songs Ltd
Universal Music Publishing International Ltd",Work Registered,No/No
Push Me Down,3986096J,T-011.140.470-6,"Good Groove Songs Ltd
Universal Music Corporation
Universal Music Publishing International Ltd
Universal/Mca Music Limited",Work Registered,No/No
Push Me Down,478734LU,--,"Universal Music Corporation
Pw Arrangements
Good Groove Songs Ltd
Universal Music Publishing International Ltd",Work Registered,No/No
Put It In,186330AT,--,"Good Groove Songs Ltd
Universal Music Corporation
Universal Music Publishing International Ltd
Universal/Mca Music Limited",Work Registered,No/No
Put It In,478734LW,--,"Universal Music Corporation
Pw Arrangements
Good Groove Songs Ltd
Universal Music Publishing International Ltd",Work Registered,No/No
Put It In,5672535Q,--,"Good Groove Songs Ltd
Universal Music Corporation
Universal Music Publishing International Ltd
Universal/Mca Music Limited",Work Registered,No/No
Put Your Hands,235216KT,--,"Good Groove Songs Ltd
Universal Music Corporation
Universal Music Publishing International Ltd
Universal/Mca Music Limited",Work Registered,No/Yes
Put Your Hands,478735AM,T-316.996.612-1,"Universal Music Corporation
Pw Arrangements
Good Groove Songs Ltd
Universal Music Publishing International Ltd",Work Registered,No/No
Put Your Hands Up,186330AV,--,"Good Groove Songs Ltd
Universal Music Corporation
Universal Music Publishing International Ltd
Universal/Mca Music Limited",Work Registered,No/No
Put Your Hands Up,478724LN,--,"Universal Music Corporation
Pw Arrangements
Good Groove Songs Ltd
Universal Music Publishing International Ltd",Work Registered,No/No
Rain In A Desert Storm,109247CP,--,"Good Groove Songs Ltd
Universal Music Corporation
Universal Music Publishing International Ltd
Universal/Mca Music Limited",Work Registered,No/No
Rain In A Desert Storm,183619HU,T-319.881.818-3,"Office Girls Partnership Ltd Dba Og Music
Supreme Songs Ltd",Work Registered,No/No
Raindrops,478724LQ,--,"Universal Music Corporation
Pw Arrangements
Good Groove Songs Ltd
Universal Music Publishing International Ltd",Work Registered,No/No
Reasons,186330BP,--,"Good Groove Songs Ltd
Universal Music Corporation
Universal Music Publishing International Ltd
Universal/Mca Music Limited",Work Registered,No/Yes
Reasons,478724LW,--,"Universal Music Corporation
Pw Arrangements
Good Groove Songs Ltd
Universal Music Publishing International Ltd",Work Registered,No/Yes
Red,117644HN,--,"Good Groove Songs Ltd
Universal Music Corporation
Universal Music Publishing International Ltd
Universal/Mca Music Limited",Work Registered,No/No
Red,186324BQ,--,"Good Groove Songs Ltd
Universal Music Corporation
Universal Music Publishing International Ltd
Universal/Mca Music Limited",Work Registered,No/No
Red Handed,3714560Q,T-011.117.081-0,,Work Registered,No/No
Red Light,235216LQ,--,"Good Groove Songs Ltd
Universal Music Corporation
Universal Music Publishing International Ltd
Universal/Mca Music Limited",Work Registered,No/Yes
Red Light,478735BM,--,"Universal Music Corporation
Pw Arrangements
Good Groove Songs Ltd
Universal Music Publishing International Ltd",Work Registered,No/No
Reminding Me,287968BN,T-320.104.760-7,,Work Registered,No/Yes
Residents Of Darkness,180135DU,--,"Universal Music Corporation
Pw Arrangements
Good Groove Songs Ltd
Universal Music Publishing International Ltd",Work Registered,Yes/Yes
Ride,186330BT,T-911.192.350-3,"Good Groove Songs Ltd
Universal Music Corporation
Universal Music Publishing International Ltd
Universal/Mca Music Limited",Work Registered,No/No
Ride,478725AR,T-911.192.350-3,"Universal Music Corporation
Pw Arrangements
Good Groove Songs Ltd
Universal Music Publishing International Ltd",Work Registered,No/No
Ride Or Die,478768DP,--,"Universal Music Corporation
Pw Arrangements
Good Groove Songs Ltd
Universal Music Publishing International Ltd",Work Registered,No/No
Ride Or Die,5768443H,T-319.026.357-7,"Good Groove Songs Ltd
Universal Music Corporation
Universal Music Publishing International Ltd
Universal/Mca Music Limited",Work Registered,No/Yes
River,8741235K,T-011.720.823-7,"Good Groove Songs Ltd
Universal Music Corporation
Universal Music Publishing International Ltd
Universal/Mca Music Limited",Work Registered,No/No
Rolling To Rumble,157477EU,--,"Good Groove Songs Ltd
Universal Music Corporation
Universal Music Publishing International Ltd
Universal/Mca Music Limited",Work Registered,No/Yes
Room 6-6-5,082850BP,T-911.192.360-5,"Good Groove Songs Ltd
Universal Music Corporation
Universal Music Publishing International Ltd
Universal/Mca Music Limited",Work Fully Documented,No/No
Room 665,478748EN,T-911.192.360-5,"Universal Music Corporation
Pw Arrangements
Good Groove Songs Ltd
Universal Music Publishing International Ltd",Work Registered,No/No
Rooting For You,285334CP,T-921.600.178-4,,Work Registered,No/No
Run,284586EV,T-921.535.137-4,,Work Registered,No/No
Run,287967LP,T-921.535.137-4,,Work Registered,No/No
Run Baby Run,151882KT,T-306.554.805-8,"Good Groove Songs Ltd
Universal Music Corporation
Universal Music Publishing International Ltd
Universal/Mca Music Limited",Work Registered,No/Yes
Run Baby Run,974825FS,--,Unknown Publisher,Work Registered,No/No
Run Baby Run,992854GN,T-306.554.805-8,"Notting Hill Music (Uk) Ltd
Kobalt Music Services Ltd
Kobalt Music Publishing Ltd
Kobalt Music Copyrights Sarl",Work Registered,No/No
Running In Circles,478735CW,T-011.720.825-9,"Universal Music Corporation
Pw Arrangements
Good Groove Songs Ltd
Universal Music Publishing International Ltd",Work Registered,No/No
Rush,082850BW,T-911.192.369-4,"Good Groove Songs Ltd
Universal Music Corporation
Universal Music Publishing International Ltd
Universal/Mca Music Limited",Work Registered,No/No
Rush,478716KS,T-911.192.369-4,"Universal Music Corporation
Pw Arrangements
Good Groove Songs Ltd
Universal Music Publishing International Ltd",Work Registered,No/No
Sadness,261638GV,T-317.716.876-8,"Good Groove Songs Ltd
Universal Music Corporation
Universal Music Publishing International Ltd
Universal/Mca Music Limited",Work Registered,No/Yes
Sadness,478748GN,--,"Universal Music Corporation
Pw Arrangements
Good Groove Songs Ltd
Universal Music Publishing International Ltd",Work Registered,No/No
Sadness,807251FT,T-317.716.876-8,"Accorder Music Publishing Ltd
Good Groove Songs Ltd
Sentric Music Publishing Ltd",Work Registered,No/No
Sadness,814287GU,T-317.716.876-8,Accorder Music Publishing Ltd,Work Registered,No/No
Salvation,186330CV,--,"Good Groove Songs Ltd
Universal Music Corporation
Universal Music Publishing International Ltd
Universal/Mca Music Limited",Work Registered,No/No
Sarah,082850FR,--,"Good Groove Songs Ltd
Universal Music Corporation
Universal Music Publishing International Ltd
Universal/Mca Music Limited",Work Registered,No/Yes
Saturday Night,082850CV,T-011.720.826-0,"Good Groove Songs Ltd
Universal Music Corporation
Universal Music Publishing International Ltd
Universal/Mca Music Limited",Work Registered,No/Yes
Save Me,478716LW,T-011.720.827-1,"Universal Music Corporation
Pw Arrangements
Good Groove Songs Ltd
Universal Music Publishing International Ltd",Work Registered,No/No
Save Me,8741239Q,T-011.720.827-1,"Good Groove Songs Ltd
Universal Music Corporation
Universal Music Publishing International Ltd
Universal/Mca Music Limited",Work Registered,No/Yes
Scarborough Fair,366144DV,--,Universal Music Publishing Limited,Work Registered,No/Yes
Secret Door,144100DW,T-011.119.476-3,,Work Registered,No/No
Secret Door,186330DP,--,"Good Groove Songs Ltd
Universal Music Corporation
Universal Music Publishing International Ltd
Universal/Mca Music Limited",Work Registered,No/No
Secret Door,3742394Y,T-011.119.476-3,"Good Groove Songs Ltd
Universal Music Corporation
Universal Music Publishing International Ltd
Universal/Mca Music Limited",Work Registered,No/No
Secret Door,478768LQ,--,"Universal Music Corporation
Pw Arrangements
Good Groove Songs Ltd
Universal Music Publishing International Ltd",Work Registered,No/No
Shallow Teen,4857565E,T-011.254.450-9,"Good Groove Songs Ltd
Universal Music Corporation
Universal Music Publishing International Ltd
Universal/Mca Music Limited",Work Registered,No/No
She's A Millionaire,186171HR,T-319.273.609-3,"Good Groove Songs Ltd
Universal Music Corporation
Universal Music Publishing International Ltd
Universal/Mca Music Limited",Work Registered,No/No
She's A Millionaire,478769BU,--,"Universal Music Corporation
Pw Arrangements
Good Groove Songs Ltd
Universal Music Publishing International Ltd",Work Registered,No/No
Shining Light,478748KW,T-915.650.998-7,"Universal Music Corporation
Pw Arrangements
Good Groove Songs Ltd
Universal Music Publishing International Ltd",Work Registered,No/No
Shot Down,186330DT,--,"Good Groove Songs Ltd
Universal Music Corporation
Universal Music Publishing International Ltd
Universal/Mca Music Limited",Work Registered,No/No
Shut The Hell Up,186324KW,--,"Good Groove Songs Ltd
Universal Music Corporation
Universal Music Publishing International Ltd
Universal/Mca Music Limited",Work Registered,No/No
Shut The Hell Up,478769ET,--,"Universal Music Corporation
Pw Arrangements
Good Groove Songs Ltd
Universal Music Publishing International Ltd",Work Registered,No/No
Sick Of Pretending,186330EM,--,"Good Groove Songs Ltd
Universal Music Corporation
Universal Music Publishing International Ltd
Universal/Mca Music Limited",Work Registered,No/No
Sick Of Pretending,3714672E,T-011.117.128-8,"Good Groove Songs Ltd
Universal Music Corporation
Universal Music Publishing International Ltd
Universal/Mca Music Limited",Work Registered,No/No
Sick Of Pretending,478725DU,--,"Universal Music Corporation
Pw Arrangements
Good Groove Songs Ltd
Universal Music Publishing International Ltd",Work Registered,No/No
Silent Night,366145DW,T-317.406.421-8,Universal Music Publishing Limited,Work Fully Documented,No/No
Since,139660ES,T-319.806.962-0,,Work Registered,No/No
Since,478749AM,--,"Universal Music Corporation
Pw Arrangements
Good Groove Songs Ltd
Universal Music Publishing International Ltd",Work Registered,No/No
Siul A Run,382747EU,--,Universal Music Publishing Limited,Work Registered,No/Yes
Skip A Beat,186330EP,T-319.886.109-1,"Good Groove Songs Ltd
Universal Music Corporation
Universal Music Publishing International Ltd
Universal/Mca Music Limited",Work Registered,No/Yes
Skip A Beat,3961152F,T-011.138.567-1,"Good Groove Songs Ltd
Universal Music Corporation
Universal Music Publishing International Ltd
Universal/Mca Music Limited",Work Registered,Yes/Yes
Skip A Beat,478717DT,T-319.886.109-1,"Universal Music Corporation
Pw Arrangements
Good Groove Songs Ltd
Universal Music Publishing International Ltd",Work Registered,No/No
Sleeping With The Enemy,082850HM,--,"Good Groove Songs Ltd
Universal Music Corporation
Universal Music Publishing International Ltd
Universal/Mca Music Limited",Work Registered,No/No
Slide,300414CR,T-923.110.127-2,,Work Fully Documented,No/No
Slow Hands,284586EW,T-921.535.138-5,,Work Registered,No/No
Snow It Melts The Soonest,384819GS,--,Universal Music Publishing Limited,Work Registered,No/Yes
So Inspired,186165HP,--,"Good Groove Songs Ltd
Universal Music Corporation
Universal Music Publishing International Ltd
Universal/Mca Music Limited",Work Registered,No/Yes
So Let Me Know,478749BP,T-011.614.302-2,"Universal Music Corporation
Pw Arrangements
Good Groove Songs Ltd
Universal Music Publishing International Ltd",Work Registered,No/No
So So Sad,082850HR,--,"Good Groove Songs Ltd
Universal Music Corporation
Universal Music Publishing International Ltd
Universal/Mca Music Limited",Work Registered,No/No
So So Sad,186330ET,--,"Good Groove Songs Ltd
Universal Music Corporation
Universal Music Publishing International Ltd
Universal/Mca Music Limited",Work Registered,No/No
So So Sad,478717EN,--,"Universal Music Corporation
Pw Arrangements
Good Groove Songs Ltd
Universal Music Publishing International Ltd",Work Registered,No/No
So Strong,3714645Q,T-011.117.123-3,,Work Registered,No/No
Sold Me Out,478735KP,--,"Universal Music Corporation
Pw Arrangements
Good Groove Songs Ltd
Universal Music Publishing International Ltd",Work Registered,No/No
Sold Out,186330EW,--,"Good Groove Songs Ltd
Universal Music Corporation
Universal Music Publishing International Ltd
Universal/Mca Music Limited",Work Registered,No/No
Sold Out,478749BS,--,"Universal Music Corporation
Pw Arrangements
Good Groove Songs Ltd
Universal Music Publishing International Ltd",Work Registered,No/No
Sold Out,9382071Q,T-909.346.705-1,"Good Groove Songs Ltd
Sony/Atv Music Publishing (Uk) Limited
Universal Music Corporation
Universal Music Publishing International Ltd",Work Registered,No/Yes
Somebody To Love,287968BP,T-320.104.759-4,,Work Registered,No/No
Somebody To Love,287990AN,T-320.104.759-4,,Work Registered,No/No
Something About You,478725GN,--,"Universal Music Corporation
Pw Arrangements
Good Groove Songs Ltd
Universal Music Publishing International Ltd",Work Registered,No/No
Something Beautiful,478717ER,T-011.720.828-2,"Universal Music Corporation
Pw Arrangements
Good Groove Songs Ltd
Universal Music Publishing International Ltd",Work Registered,No/No
Space Man,365512FS,T-921.084.629-0,Universal Music Publishing Limited,Work Registered,No/No
Spider,186330FV,T-914.852.397-1,"Good Groove Songs Ltd
Universal Music Corporation
Universal Music Publishing International Ltd
Universal/Mca Music Limited",Work Registered,No/No
Spider,478749DP,T-914.852.397-1,"Universal Music Corporation
Pw Arrangements
Good Groove Songs Ltd
Universal Music Publishing International Ltd",Work Registered,No/No
Spotlight,082850HN,--,"Good Groove Songs Ltd
Universal Music Corporation
Universal Music Publishing International Ltd
Universal/Mca Music Limited",Work Registered,No/No
Spotlight,478717FR,--,"Universal Music Corporation
Pw Arrangements
Good Groove Songs Ltd
Universal Music Publishing International Ltd",Work Registered,No/No
Stabat Mater,478725GU,T-011.614.318-0,"Universal Music Corporation
Pw Arrangements
Good Groove Songs Ltd
Universal Music Publishing International Ltd",Work Registered,No/No
Stabat Mater,5603859X,T-011.614.318-0,"Good Groove Songs Ltd
Universal Music Corporation
Universal Music Publishing International Ltd
Universal/Mca Music Limited",Work Registered,No/No
Stand On The Mountain,4857566H,T-011.254.451-0,"Good Groove Songs Ltd
Universal Music Corporation
Universal Music Publishing International Ltd
Universal/Mca Music Limited",Work Registered,No/No
Stand Your Ground,478736AN,T-011.720.830-6,"Universal Music Corporation
Pw Arrangements
Good Groove Songs Ltd
Universal Music Publishing International Ltd",Work Registered,No/No
Stand Your Ground,8741242V,T-011.720.830-6,"Good Groove Songs Ltd
Universal Music Corporation
Universal Music Publishing International Ltd
Universal/Mca Music Limited",Work Registered,No/No
Start Me Up,478749EN,--,"Universal Music Corporation
Pw Arrangements
Good Groove Songs Ltd
Universal Music Publishing International Ltd",Work Registered,No/No
Stay Where You Are,5148218L,T-318.629.439-9,"Rhythm Addiction
Universal Music Publishing International Ltd
Universal Music Publishing Mgb Limited
Universal Music Publ International Mgb Ltd",Work Registered,No/Yes
Stay With Me,478717GM,T-011.720.831-7,"Universal Music Corporation
Pw Arrangements
Good Groove Songs Ltd
Universal Music Publishing International Ltd",Work Registered,No/No
Stay With Me,8741243X,T-011.720.831-7,"Good Groove Songs Ltd
Universal Music Corporation
Universal Music Publishing International Ltd
Universal/Mca Music Limited",Work Registered,No/Yes
Step Away,478736AT,T-011.720.452-0,"Universal Music Corporation
Pw Arrangements
Good Groove Songs Ltd
Universal Music Publishing International Ltd",Work Registered,No/No
Still On My Mind,939702KP,T-338.127.084-0,Universal Music Publishing Limited,Work Registered,No/No
Stop And Play,478736BP,--,"Universal Music Corporation
Pw Arrangements
Good Groove Songs Ltd
Universal Music Publishing International Ltd",Work Registered,No/No
Stop The World,119961DU,--,"Good Groove Songs Ltd
Universal Music Corporation
Universal Music Publishing International Ltd
Universal/Mca Music Limited",Work Registered,No/No
Stop The World,134802CW,--,Warner Chappell Music Ltd,Work Registered,No/No
Stop The World,478749FQ,--,"Universal Music Corporation
Pw Arrangements
Good Groove Songs Ltd
Universal Music Publishing International Ltd",Work Registered,No/No
Storm,478717GP,T-915.651.012-2,"Universal Music Corporation
Pw Arrangements
Good Groove Songs Ltd
Universal Music Publishing International Ltd",Work Registered,No/No
Strangers In The Light,119961DV,--,"Good Groove Songs Ltd
Universal Music Corporation
Universal Music Publishing International Ltd
Universal/Mca Music Limited",Work Registered,No/No
Strangers In The Light,134802CU,--,Warner Chappell Music Ltd,Work Registered,No/No
Streets,365512LT,T-320.306.058-2,Universal Music Publishing Limited,Work Fully Documented,No/No
Stronger,974792GM,--,Unknown Publisher,Work Registered,No/No
Stronger,992791CV,T-319.844.768-2,"Notting Hill Music (Uk) Ltd
Kobalt Music Services Ltd
Kobalt Music Publishing Ltd
Kobalt Music Copyrights Sarl",Work Registered,No/No
Stuck Inside Of Me,478736BT,T-011.614.315-7,"Universal Music Corporation
Pw Arrangements
Good Groove Songs Ltd
Universal Music Publishing International Ltd",Work Registered,No/No
Stuck Inside Of Me,5603856R,T-011.614.315-7,"Good Groove Songs Ltd
Universal Music Corporation
Universal Music Publishing International Ltd
Universal/Mca Music Limited",Work Registered,No/Yes
Sugar,117643GN,--,"Good Groove Songs Ltd
Universal Music Corporation
Universal Music Publishing International Ltd
Universal/Mca Music Limited",Work Registered,No/Yes
Sugar,118953CR,--,"Good Groove Songs Ltd
Universal Music Corporation
Universal Music Publishing International Ltd
Universal/Mca Music Limited",Work Registered,No/No
Sugar,478736CM,--,"Universal Music Corporation
Pw Arrangements
Good Groove Songs Ltd
Universal Music Publishing International Ltd",Work Registered,No/No
Sugar In The Middle,478736CP,T-011.720.616-2,"Universal Music Corporation
Pw Arrangements
Good Groove Songs Ltd
Universal Music Publishing International Ltd",Work Registered,No/No
Sugar In The Middle,8738512E,T-011.720.616-2,"Good Groove Songs Ltd
Universal Music Corporation
Universal Music Publishing International Ltd
Universal/Mca Music Limited",Work Registered,No/No
Summer Fields,5610961Q,T-011.615.636-5,,Work Registered,No/Yes
Summer Skies,478749GT,--,"Universal Music Corporation
Pw Arrangements
Good Groove Songs Ltd
Universal Music Publishing International Ltd",Work Registered,No/No
Sun Comes Up,287411EP,T-922.212.724-4,,Work Registered,No/No
Sun Comes Up,287967LS,T-922.212.724-4,,Work Registered,No/No
Sunlit Uplands,186330KT,T-011.621.440-4,"Good Groove Songs Ltd
Universal Music Corporation
Universal Music Publishing International Ltd
Universal/Mca Music Limited",Work Registered,No/No
Superhero,9382068L,T-319.284.854-3,"Good Groove Songs Ltd
Universal Music Corporation
Universal Music Publishing International Ltd
Universal/Mca Music Limited",Work Registered,No/No
Superman,151882KV,--,"Good Groove Songs Ltd
Universal Music Corporation
Universal Music Publishing International Ltd
Universal/Mca Music Limited",Work Registered,No/No
Superman,186330KW,--,"Good Groove Songs Ltd
Universal Music Corporation
Universal Music Publishing International Ltd
Universal/Mca Music Limited",Work Registered,No/No
Superstar,183619KN,T-319.881.820-7,"Office Girls Partnership Ltd Dba Og Music
Supreme Songs Ltd",Work Registered,No/No
Superstar,478749HP,--,"Universal Music Corporation
Pw Arrangements
Good Groove Songs Ltd
Universal Music Publishing International Ltd",Work Registered,No/No
Survival,186330LN,T-011.622.529-6,"Good Groove Songs Ltd
Universal Music Corporation
Universal Music Publishing International Ltd
Universal/Mca Music Limited",Work Registered,No/No
Survival,478749HQ,T-011.622.529-6,"Universal Music Corporation
Pw Arrangements
Good Groove Songs Ltd
Universal Music Publishing International Ltd",Work Registered,No/No
Survive,875539AS,T-011.564.490-0,"Bryan Morrison Music Ltd
Universal Music Publishing International Ltd
Universal Music Publishing Limited",Work Registered,No/No
Swish,284227EV,T-921.514.282-8,,Work Registered,No/No
Take A Little Slice,478725KS,T-011.254.575-1,"Universal Music Corporation
Pw Arrangements
Good Groove Songs Ltd
Universal Music Publishing International Ltd",Work Registered,No/No
Take A Turn,478725KT,--,"Universal Music Corporation
Pw Arrangements
Good Groove Songs Ltd
Universal Music Publishing International Ltd",Work Registered,No/No
Take Me Back Home,974770LN,--,Unknown Publisher,Work Registered,No/No
Take Me Back Home,992854DP,T-306.555.638-5,"Notting Hill Music (Uk) Ltd
Kobalt Music Services Ltd
Kobalt Music Publishing Ltd
Kobalt Music Copyrights Sarl",Work Registered,No/No
Take My Hand,478749KQ,T-011.775.362-4,"Universal Music Corporation
Pw Arrangements
Good Groove Songs Ltd
Universal Music Publishing International Ltd",Work Registered,No/No
Take My Hand,9382064E,T-011.775.362-4,"Good Groove Songs Ltd
Universal Music Corporation
Universal Music Publishing International Ltd
Universal/Mca Music Limited",Work Registered,No/No
Take Off Your Clothes,478725KV,T-011.720.833-9,"Universal Music Corporation
Pw Arrangements
Good Groove Songs Ltd
Universal Music Publishing International Ltd",Work Registered,No/No
Take One Look,478725KW,--,"Universal Music Corporation
Pw Arrangements
Good Groove Songs Ltd
Universal Music Publishing International Ltd",Work Registered,No/No
Take Your Clothes Off,082144KV,--,,Work Registered,No/No
Teacher,875539CV,T-011.254.429-2,"Bryan Morrison Music Ltd
Universal Music Publishing International Ltd
Universal Music Publishing Limited",Work Registered,No/No
Telekinetic,186331AP,--,"Good Groove Songs Ltd
Universal Music Corporation
Universal Music Publishing International Ltd
Universal/Mca Music Limited",Work Registered,No/No
Telekinetic,9382074V,T-319.284.852-1,"Good Groove Songs Ltd
Universal Music Corporation
Universal Music Publishing International Ltd
Universal/Mca Music Limited",Work Registered,No/No
Terrified,117643GM,--,"Good Groove Songs Ltd
Universal Music Corporation
Universal Music Publishing International Ltd
Universal/Mca Music Limited",Work Registered,No/No
Terrified,629237EQ,T-325.345.469-8,"Sentric Music Publishing Ltd
Sentric Music Limited",Work Registered,No/No
Test Time,186331AT,--,"Good Groove Songs Ltd
Universal Music Corporation
Universal Music Publishing International Ltd
Universal/Mca Music Limited",Work Registered,No/No
Test Time,478736FM,--,"Universal Music Corporation
Pw Arrangements
Good Groove Songs Ltd
Universal Music Publishing International Ltd",Work Registered,No/No
Thank You,8741255P,T-011.720.834-0,"Good Groove Songs Ltd
Universal Music Corporation
Universal Music Publishing International Ltd
Universal/Mca Music Limited",Work Registered,No/No
The Day I Died,229762LN,T-314.747.384-1,"Good Groove Songs Ltd
Universal Music Corporation
Universal Music Publishing International Ltd
Universal/Mca Music Limited",Work Registered,No/Yes
The Day That I Leave You,8738565J,T-011.720.639-9,"Good Groove Songs Ltd
Universal Music Corporation
Universal Music Publishing International Ltd
Universal/Mca Music Limited",Work Fully Documented,No/No
The Eagle Has Landed,186331BQ,T-011.622.535-4,"Good Groove Songs Ltd
Universal Music Corporation
Universal Music Publishing International Ltd
Universal/Mca Music Limited",Work Registered,No/No
The Eagle Has Landed,478717LT,T-011.622.535-4,"Universal Music Corporation
Pw Arrangements
Good Groove Songs Ltd
Universal Music Publishing International Ltd",Work Registered,No/No
The Final Solution,186331BR,T-011.621.438-0,"Good Groove Songs Ltd
Universal Music Corporation
Universal Music Publishing International Ltd
Universal/Mca Music Limited",Work Registered,No/No
The Final Solution,478771AN,T-011.621.438-0,"Universal Music Corporation
Pw Arrangements
Good Groove Songs Ltd
Universal Music Publishing International Ltd",Work Registered,No/No
The Girl Wants To Dance,186331BT,T-911.192.371-8,"Good Groove Songs Ltd
Universal Music Corporation
Universal Music Publishing International Ltd
Universal/Mca Music Limited",Work Registered,No/No
The Good Life,282627LV,T-928.124.650-2,,Work Registered,No/No
The Good Life,287967LU,T-928.124.650-2,,Work Registered,No/Yes
The Great Escape,478771AR,T-914.852.399-3,"Universal Music Corporation
Pw Arrangements
Good Groove Songs Ltd
Universal Music Publishing International Ltd",Work Registered,No/No
The King Has Died,082850EV,--,"Good Groove Songs Ltd
Universal Music Corporation
Universal Music Publishing International Ltd
Universal/Mca Music Limited",Work Registered,No/No
The King Has Died,478750BS,--,"Universal Music Corporation
Pw Arrangements
Good Groove Songs Ltd
Universal Music Publishing International Ltd",Work Registered,No/No
The Night We Met,287968BQ,T-318.055.212-5,,Work Registered,No/No
The Regrets Of Lily Gray,117644EV,--,"Good Groove Songs Ltd
Universal Music Corporation
Universal Music Publishing International Ltd
Universal/Mca Music Limited",Work Registered,No/No
The Shining Cup Of Gold,082850FU,--,"Good Groove Songs Ltd
Universal Music Corporation
Universal Music Publishing International Ltd
Universal/Mca Music Limited",Work Registered,No/No
The Shining Cup Of Gold,478736GV,--,"Universal Music Corporation
Pw Arrangements
Good Groove Songs Ltd
Universal Music Publishing International Ltd",Work Registered,No/No
The Sight Of The Earth,478750CS,T-011.622.537-6,"Universal Music Corporation
Pw Arrangements
Good Groove Songs Ltd
Universal Music Publishing International Ltd",Work Registered,No/No
The Surprise Party,052353KT,T-319.507.749-3,"Good Groove Songs Ltd
Universal Music Corporation
Universal Music Publishing International Ltd
Universal/Mca Music Limited",Work Registered,No/No
The Unforgiven,287990AR,T-318.072.598-4,,Work Registered,No/No
Then There Was You,478750DT,--,"Universal Music Corporation
Pw Arrangements
Good Groove Songs Ltd
Universal Music Publishing International Ltd",Work Registered,No/No
There's No Use,478750DW,--,"Universal Music Corporation
Pw Arrangements
Good Groove Songs Ltd
Universal Music Publishing International Ltd",Work Registered,No/No
There's One Hope,478750EM,--,"Universal Music Corporation
Pw Arrangements
Good Groove Songs Ltd
Universal Music Publishing International Ltd",Work Registered,No/No
Theres One Hope,8738579C,T-011.720.640-2,"Good Groove Songs Ltd
Universal Music Corporation
Universal Music Publishing International Ltd
Universal/Mca Music Limited",Work Registered,No/No
These Days Are So Strange,186331DP,--,"Good Groove Songs Ltd
Universal Music Corporation
Universal Music Publishing International Ltd
Universal/Mca Music Limited",Work Registered,No/No
These Games,186331DQ,--,"Good Groove Songs Ltd
Universal Music Corporation
Universal Music Publishing International Ltd
Universal/Mca Music Limited",Work Registered,No/No
These Streets Are Made Of Fire,478750EQ,T-918.751.540-8,"Universal Music Corporation
Pw Arrangements
Good Groove Songs Ltd
Universal Music Publishing International Ltd",Work Registered,No/No
They Call You Gorgeous,151883BM,T-306.555.986-2,"Good Groove Songs Ltd
Universal Music Corporation
Universal Music Publishing International Ltd
Universal/Mca Music Limited",Work Registered,No/No
They Call You Gorgeous,478750ER,T-306.555.986-2,"Universal Music Corporation
Pw Arrangements
Good Groove Songs Ltd
Universal Music Publishing International Ltd",Work Registered,No/No
They Say I'm Crazy,161077BS,T-319.745.400-1,Warner Chappell Music Ltd,Work Registered,No/No
They Say I'm Crazy,478736HR,--,"Universal Music Corporation
Pw Arrangements
Good Groove Songs Ltd
Universal Music Publishing International Ltd",Work Registered,No/No
This Ain't A Love Thing,117644KU,T-319.745.404-5,"Good Groove Songs Ltd
Universal Music Corporation
Universal Music Publishing International Ltd
Universal/Mca Music Limited",Work Registered,No/Yes
This Ain't A Love Thing,186172BQ,T-319.745.404-5,"Good Groove Songs Ltd
Universal Music Corporation
Universal Music Publishing International Ltd
Universal/Mca Music Limited",Work Registered,No/No
This Ain't Hell,478736HT,T-911.192.365-0,"Universal Music Corporation
Pw Arrangements
Good Groove Songs Ltd
Universal Music Publishing International Ltd",Work Registered,No/No
This Is Gonna Get,186331DV,T-319.647.274-5,"Good Groove Songs Ltd
Universal Music Corporation
Universal Music Publishing International Ltd
Universal/Mca Music Limited",Work Registered,No/No
This Is Gonna Get,478750FS,T-319.647.274-5,"Universal Music Corporation
Pw Arrangements
Good Groove Songs Ltd
Universal Music Publishing International Ltd",Work Registered,No/No
This Is The Sound,118953CT,--,"Good Groove Songs Ltd
Universal Music Corporation
Universal Music Publishing International Ltd
Universal/Mca Music Limited",Work Registered,No/No
This Is The Sound,369907HS,T-316.996.433-0,"Kmr Ii Gt Publishing Limited
Good Groove Songs Ltd
Universal Music Corporation
Universal Music Publishing International Ltd",Work Registered,No/No
This Is The Sound,478750FU,--,"Universal Music Corporation
Pw Arrangements
Good Groove Songs Ltd
Universal Music Publishing International Ltd",Work Registered,No/No
Three Long Years,186331EP,--,"Good Groove Songs Ltd
Universal Music Corporation
Universal Music Publishing International Ltd
Universal/Mca Music Limited",Work Registered,No/No
Three Long Years,478718BS,--,"Universal Music Corporation
Pw Arrangements
Good Groove Songs Ltd
Universal Music Publishing International Ltd",Work Registered,No/No
Three Two One,186331EQ,T-911.192.362-7,"Good Groove Songs Ltd
Universal Music Corporation
Universal Music Publishing International Ltd
Universal/Mca Music Limited",Work Registered,No/No
Three Two One,478750GQ,T-911.192.362-7,"Universal Music Corporation
Pw Arrangements
Good Groove Songs Ltd
Universal Music Publishing International Ltd",Work Registered,No/No
Till I Die,478736KS,T-011.720.836-2,"Universal Music Corporation
Pw Arrangements
Good Groove Songs Ltd
Universal Music Publishing International Ltd",Work Registered,No/No
Time,186331EU,--,"Good Groove Songs Ltd
Universal Music Corporation
Universal Music Publishing International Ltd
Universal/Mca Music Limited",Work Registered,No/No
Time,478771EU,--,"Universal Music Corporation
Pw Arrangements
Good Groove Songs Ltd
Universal Music Publishing International Ltd",Work Registered,No/No
Time,5603838Q,T-011.614.297-2,"Good Groove Songs Ltd
Universal Music Corporation
Universal Music Publishing International Ltd
Universal/Mca Music Limited",Work Registered,No/No
Times Are Changing,478726BW,T-011.614.310-2,"Universal Music Corporation
Pw Arrangements
Good Groove Songs Ltd
Universal Music Publishing International Ltd",Work Registered,No/No
To Live And Breathe,117643HM,--,"Good Groove Songs Ltd
Universal Music Corporation
Universal Music Publishing International Ltd
Universal/Mca Music Limited",Work Registered,No/No
To Live And Breathe,118953CU,--,"Good Groove Songs Ltd
Universal Music Corporation
Universal Music Publishing International Ltd
Universal/Mca Music Limited",Work Registered,No/No
To Live And Breathe,629237EN,T-325.345.467-6,"Sentric Music Publishing Ltd
Sentric Music Limited",Work Registered,No/No
Too Good To Be Thru,186331FN,--,"Good Groove Songs Ltd
Universal Music Corporation
Universal Music Publishing International Ltd
Universal/Mca Music Limited",Work Registered,No/No
Too Good To Be Thru,478736LN,--,"Universal Music Corporation
Pw Arrangements
Good Groove Songs Ltd
Universal Music Publishing International Ltd",Work Registered,No/No
Too Good To Be Thru,8753696K,T-319.289.555-5,"Good Groove Songs Ltd
Universal Music Corporation
Universal Music Publishing International Ltd
Universal/Mca Music Limited",Work Registered,No/No
Torn,478718CT,T-804.085.048-5,"Universal Music Corporation
Pw Arrangements
Good Groove Songs Ltd
Universal Music Publishing International Ltd",Work Registered,No/No
Touch And Go,478771LW,T-011.720.837-3,"Universal Music Corporation
Pw Arrangements
Good Groove Songs Ltd
Universal Music Publishing International Ltd",Work Registered,No/Yes
Touch And Go,8741258T,T-011.720.837-3,"Good Groove Songs Ltd
Universal Music Corporation
Universal Music Publishing International Ltd
Universal/Mca Music Limited",Work Registered,No/Yes
Touched,875539HQ,T-011.254.453-2,"Bryan Morrison Music Ltd
Universal Music Publishing International Ltd
Universal Music Publishing Limited",Work Registered,No/No
Trianna,478736LV,--,"Universal Music Corporation
Pw Arrangements
Good Groove Songs Ltd
Universal Music Publishing International Ltd",Work Registered,No/No
Trianna,8741455J,--,"Good Groove Songs Ltd
Universal Music Corporation
Universal Music Publishing International Ltd
Universal/Mca Music Limited",Work Registered,No/No
Trippy Bom,478726CP,T-011.117.133-5,"Universal Music Corporation
Pw Arrangements
Good Groove Songs Ltd
Universal Music Publishing International Ltd",Work Registered,No/No
Turn Around,5603841V,T-011.614.300-0,"Good Groove Songs Ltd
Universal Music Corporation
Universal Music Publishing International Ltd
Universal/Mca Music Limited",Work Registered,No/No
Turn It Black,478750LN,--,"Universal Music Corporation
Pw Arrangements
Good Groove Songs Ltd
Universal Music Publishing International Ltd",Work Registered,No/No
Twenty Thousand People,478750LT,T-911.192.354-7,"Universal Music Corporation
Pw Arrangements
Good Groove Songs Ltd
Universal Music Publishing International Ltd",Work Registered,No/No
Ukelele Girl,478718DV,T-011.720.838-4,"Universal Music Corporation
Pw Arrangements
Good Groove Songs Ltd
Universal Music Publishing International Ltd",Work Registered,No/No
Ukelele Girl,8741259V,T-011.720.838-4,"Good Groove Songs Ltd
Universal Music Corporation
Universal Music Publishing International Ltd
Universal/Mca Music Limited",Work Registered,No/No
Unbelievable,186331GT,T-319.507.750-6,"Good Groove Songs Ltd
Universal Music Corporation
Universal Music Publishing International Ltd
Universal/Mca Music Limited",Work Registered,No/No
Until You Come Home,366148KV,T-928.124.618-2,Universal Music Publishing Limited,Work Registered,No/No
Urban Tummy,478751CM,T-914.852.422-5,"Universal Music Corporation
Pw Arrangements
Good Groove Songs Ltd
Universal Music Publishing International Ltd",Work Registered,No/No
Urban Warm Up,478726EP,T-914.852.423-6,"Universal Music Corporation
Pw Arrangements
Good Groove Songs Ltd
Universal Music Publishing International Ltd",Work Registered,No/No
Venus Is Calling,186331HU,T-911.192.357-0,"Good Groove Songs Ltd
Universal Music Corporation
Universal Music Publishing International Ltd
Universal/Mca Music Limited",Work Registered,No/No
Venus Is Calling,478751CP,T-911.192.357-0,"Universal Music Corporation
Pw Arrangements
Good Groove Songs Ltd
Universal Music Publishing International Ltd",Work Registered,No/No
Vip,117644GQ,--,"Good Groove Songs Ltd
Universal Music Corporation
Universal Music Publishing International Ltd
Universal/Mca Music Limited",Work Registered,No/No
Virgin,186331HW,T-911.192.353-6,"Good Groove Songs Ltd
Universal Music Corporation
Universal Music Publishing International Ltd
Universal/Mca Music Limited",Work Registered,No/No
Virgin,478751CT,T-911.192.353-6,"Universal Music Corporation
Pw Arrangements
Good Groove Songs Ltd
Universal Music Publishing International Ltd",Work Registered,No/No
Vulture,186331KM,--,"Good Groove Songs Ltd
Universal Music Corporation
Universal Music Publishing International Ltd
Universal/Mca Music Limited",Work Registered,No/Yes
Vulture,478718FM,--,"Universal Music Corporation
Pw Arrangements
Good Groove Songs Ltd
Universal Music Publishing International Ltd",Work Registered,No/No
Walk In The Rain,478772KQ,--,"Universal Music Corporation
Pw Arrangements
Good Groove Songs Ltd
Universal Music Publishing International Ltd",Work Registered,No/No
Walk In The Rain,8741320K,T-319.288.671-4,"Good Groove Songs Ltd
Universal Music Corporation
Universal Music Publishing International Ltd
Universal/Mca Music Limited",Work Registered,No/No
Walk With Me,478751DT,T-011.614.321-5,"Universal Music Corporation
Pw Arrangements
Good Groove Songs Ltd
Universal Music Publishing International Ltd",Work Registered,No/No
Walk With Me,5603862F,T-011.614.321-5,"Good Groove Songs Ltd
Universal Music Corporation
Universal Music Publishing International Ltd
Universal/Mca Music Limited",Work Registered,No/Yes
Walking By,354195CR,T-928.257.585-3,Universal Music Publishing Limited,Work Fully Documented,Yes/Yes
War Zone,290130ET,T-306.555.974-8,,Work Registered,No/No
Waterfalls,478737ER,T-916.412.996-8,"Universal Music Corporation
Pw Arrangements
Good Groove Songs Ltd
Universal Music Publishing International Ltd",Work Registered,No/No
We All Fall Down,186324LT,--,"Good Groove Songs Ltd
Universal Music Corporation
Universal Music Publishing International Ltd
Universal/Mca Music Limited",Work Registered,No/No
We All Fall Down,478772LW,--,"Universal Music Corporation
Pw Arrangements
Good Groove Songs Ltd
Universal Music Publishing International Ltd",Work Registered,No/No
We Are The Army,082850DN,T-916.405.478-8,"Good Groove Songs Ltd
Universal Music Corporation
Universal Music Publishing International Ltd
Universal/Mca Music Limited",Work Registered,No/No
We Are The Army,186331KT,--,"Good Groove Songs Ltd
Universal Music Corporation
Universal Music Publishing International Ltd
Universal/Mca Music Limited",Work Registered,No/No
We Can Burn,117644HW,T-319.745.402-3,"Good Groove Songs Ltd
Universal Music Corporation
Universal Music Publishing International Ltd
Universal/Mca Music Limited",Work Registered,No/No
We Can Burn,119961ES,T-319.745.402-3,"Good Groove Songs Ltd
Universal Music Corporation
Universal Music Publishing International Ltd
Universal/Mca Music Limited",Work Registered,No/No
We Can Burn,161077BT,T-319.745.402-3,Warner Chappell Music Ltd,Work Registered,No/No
We Don't Need Nothing,186331LN,T-911.192.359-2,"Good Groove Songs Ltd
Universal Music Corporation
Universal Music Publishing International Ltd
Universal/Mca Music Limited",Work Registered,No/No
We Don't Talk Anymore,287968BS,T-320.104.758-3,,Work Registered,No/No
We Don't Talk Anymore,287990AS,T-320.104.758-3,,Work Registered,No/No
We Dont Need Words,8741261Y,T-011.720.840-8,"Good Groove Songs Ltd
Universal Music Corporation
Universal Music Publishing International Ltd
Universal/Mca Music Limited",Work Registered,No/No
We Got The Feeling,186331LP,T-911.192.377-4,"Good Groove Songs Ltd
Universal Music Corporation
Universal Music Publishing International Ltd
Universal/Mca Music Limited",Work Registered,No/No
We Got The Feeling,478726FV,T-911.192.377-4,"Universal Music Corporation
Pw Arrangements
Good Groove Songs Ltd
Universal Music Publishing International Ltd",Work Registered,No/No
We May Rise,186331LQ,T-011.614.313-5,"Good Groove Songs Ltd
Universal Music Corporation
Universal Music Publishing International Ltd
Universal/Mca Music Limited",Work Registered,No/Yes
We May Rise,478751ET,T-011.614.313-5,"Universal Music Corporation
Pw Arrangements
Good Groove Songs Ltd
Universal Music Publishing International Ltd",Work Registered,No/No
We're Finished,186073LP,--,"Good Groove Songs Ltd
Universal Music Corporation
Universal Music Publishing International Ltd
Universal/Mca Music Limited",Work Registered,No/No
Welcome To Hell,287968AM,T-928.124.653-5,,Work Registered,No/No
Welcome To The Future,478737FN,--,"Universal Music Corporation
Pw Arrangements
Good Groove Songs Ltd
Universal Music Publishing International Ltd",Work Registered,No/No
Were Finished,8753697L,--,"Good Groove Songs Ltd
Universal Music Corporation
Universal Music Publishing International Ltd
Universal/Mca Music Limited",Work Registered,No/No
What Am I Doing Here,939703EU,T-338.127.082-8,Universal Music Publishing Limited,Work Registered,No/No
What I'm Looking For,478737FS,--,"Universal Music Corporation
Pw Arrangements
Good Groove Songs Ltd
Universal Music Publishing International Ltd",Work Registered,No/No
When I Close My Eyes,5603860Y,T-011.614.319-1,"Good Groove Songs Ltd
Universal Music Corporation
Universal Music Publishing International Ltd
Universal/Mca Music Limited",Work Registered,No/No
When I Think Of You,478737GR,T-011.720.843-1,"Universal Music Corporation
Pw Arrangements
Good Groove Songs Ltd
Universal Music Publishing International Ltd",Work Registered,No/No
When I'm Alone,478737GS,T-011.254.454-3,"Universal Music Corporation
Pw Arrangements
Good Groove Songs Ltd
Universal Music Publishing International Ltd",Work Registered,No/No
When Im Alone,4857572Q,T-011.254.454-3,"Good Groove Songs Ltd
Universal Music Corporation
Universal Music Publishing International Ltd
Universal/Mca Music Limited",Work Registered,Yes/Yes
When The Lights Go On,478751GU,T-011.720.844-2,"Universal Music Corporation
Pw Arrangements
Good Groove Songs Ltd
Universal Music Publishing International Ltd",Work Registered,No/Yes
When The Lights Go On,8741265C,T-011.720.844-2,"Good Groove Songs Ltd
Universal Music Corporation
Universal Music Publishing International Ltd
Universal/Mca Music Limited",Work Registered,No/No
When The Sun Goes Down,9382078F,T-319.284.875-8,"Good Groove Songs Ltd
Universal Music Corporation
Universal Music Publishing International Ltd
Universal/Mca Music Limited",Work Registered,No/No
Where The White Lion Lies,8738580E,T-011.720.641-3,"Good Groove Songs Ltd
Universal Music Corporation
Universal Music Publishing International Ltd
Universal/Mca Music Limited",Work Registered,No/No
White Lies,478751HW,--,"Universal Music Corporation
Pw Arrangements
Good Groove Songs Ltd
Universal Music Publishing International Ltd",Work Registered,No/No
Who You Are,186332AU,--,"Good Groove Songs Ltd
Universal Music Corporation
Universal Music Publishing International Ltd
Universal/Mca Music Limited",Work Registered,No/No
Who You Are,478751KS,--,"Universal Music Corporation
Pw Arrangements
Good Groove Songs Ltd
Universal Music Publishing International Ltd",Work Registered,No/No
Who's Gana Know,478718KN,--,"Universal Music Corporation
Pw Arrangements
Good Groove Songs Ltd
Universal Music Publishing International Ltd",Work Registered,No/No
Why Dya Stay,992854GS,T-306.555.649-8,"Notting Hill Music (Uk) Ltd
Kobalt Music Services Ltd
Kobalt Music Publishing Ltd
Kobalt Music Copyrights Sarl",Work Registered,No/No
Why'dya Stay,186332BP,T-306.555.649-8,"Good Groove Songs Ltd
Universal Music Corporation
Universal Music Publishing International Ltd
Universal/Mca Music Limited",Work Registered,No/No
Why'dya Stay,974827GM,--,Unknown Publisher,Work Registered,No/No
Wild Fire,478751KW,--,"Universal Music Corporation
Pw Arrangements
Good Groove Songs Ltd
Universal Music Publishing International Ltd",Work Registered,No/No
Will I Ever,478737HW,T-011.614.298-3,"Universal Music Corporation
Pw Arrangements
Good Groove Songs Ltd
Universal Music Publishing International Ltd",Work Registered,No/Yes
Will I Ever,5603839R,T-011.614.298-3,"Good Groove Songs Ltd
Universal Music Corporation
Universal Music Publishing International Ltd
Universal/Mca Music Limited",Work Registered,No/Yes
Wish,624317DP,T-324.592.884-7,,Work Fully Documented,No/Yes
With An Angel,117643HN,--,"Good Groove Songs Ltd
Universal Music Corporation
Universal Music Publishing International Ltd
Universal/Mca Music Limited",Work Registered,No/No
With An Angel,118953DN,--,"Good Groove Songs Ltd
Universal Music Corporation
Universal Music Publishing International Ltd
Universal/Mca Music Limited",Work Registered,No/No
With An Angel,478737KN,--,"Universal Music Corporation
Pw Arrangements
Good Groove Songs Ltd
Universal Music Publishing International Ltd",Work Registered,No/No
Without A Name,478726LP,T-911.192.368-3,"Universal Music Corporation
Pw Arrangements
Good Groove Songs Ltd
Universal Music Publishing International Ltd",Work Registered,No/No
Written For The Radio,8738583K,T-011.720.644-6,"Good Groove Songs Ltd
Universal Music Corporation
Universal Music Publishing International Ltd
Universal/Mca Music Limited",Work Registered,No/No
Wrong Way,186332CN,--,"Good Groove Songs Ltd
Universal Music Corporation
Universal Music Publishing International Ltd
Universal/Mca Music Limited",Work Registered,No/No
Wrong Way,478752AQ,--,"Universal Music Corporation
Pw Arrangements
Good Groove Songs Ltd
Universal Music Publishing International Ltd",Work Registered,No/No
"Ya Gettin Me
You Getting Me",8738584L,T-011.720.645-7,"Good Groove Songs Ltd
Universal Music Corporation
Universal Music Publishing International Ltd
Universal/Mca Music Limited",Work Fully Documented,No/No
Ya Getting Me,478752AS,T-319.886.110-4,"Universal Music Corporation
Pw Arrangements
Good Groove Songs Ltd
Universal Music Publishing International Ltd",Work Registered,No/No
Yellow And Blue,082144KR,T-319.644.653-0,,Work Registered,No/No
Yellow And Blue,082850AR,T-319.644.653-0,"Good Groove Songs Ltd
Universal Music Corporation
Universal Music Publishing International Ltd
Universal/Mca Music Limited",Work Registered,No/No
Yellow And Blue,150857CR,T-319.644.653-0,"Good Groove Songs Ltd
Universal Music Corporation
Universal Music Publishing International Ltd
Universal/Mca Music Limited",Work Registered,No/No
Yellow And Blue,478718LT,T-319.644.653-0,"Universal Music Corporation
Pw Arrangements
Good Groove Songs Ltd
Universal Music Publishing International Ltd",Work Registered,No/No
You & I,302928KW,T-923.272.305-6,,Work Fully Documented,No/No
You And I,4858889A,T-011.254.576-2,"Universal Music Corporation
Pw Arrangements
Good Groove Songs Ltd
Universal Music Publishing International Ltd",Work Fully Documented,No/Yes
You And I Are Gone,3714687A,T-011.117.132-4,"Good Groove Songs Ltd
Universal Music Corporation
Universal Music Publishing International Ltd
Universal/Mca Music Limited",Work Registered,No/No
You And I Are Gone,478727AT,T-011.117.132-4,"Universal Music Corporation
Pw Arrangements
Good Groove Songs Ltd
Universal Music Publishing International Ltd",Work Registered,No/No
You And Me,478752BV,T-011.723.686-8,"Universal Music Corporation
Pw Arrangements
Good Groove Songs Ltd
Universal Music Publishing International Ltd",Work Registered,No/No
You And Me,8771908R,T-011.723.686-8,"Good Groove Songs Ltd
Universal Music Corporation
Universal Music Publishing International Ltd
Universal/Mca Music Limited",Work Registered,No/No
You Are,456356AQ,T-316.584.605-5,Universal Music Publishing Limited,Work Registered,No/No
You Are My World,478737LT,T-011.720.845-3,"Universal Music Corporation
Pw Arrangements
Good Groove Songs Ltd
Universal Music Publishing International Ltd",Work Registered,No/Yes
You Are My World,8741266E,T-011.720.845-3,"Good Groove Songs Ltd
Universal Music Corporation
Universal Music Publishing International Ltd
Universal/Mca Music Limited",Work Registered,No/No
You Are Poison,117644HM,--,"Good Groove Songs Ltd
Universal Music Corporation
Universal Music Publishing International Ltd
Universal/Mca Music Limited",Work Registered,No/No
You Are Poison,119961EU,--,"Good Groove Songs Ltd
Universal Music Corporation
Universal Music Publishing International Ltd
Universal/Mca Music Limited",Work Registered,No/No
You Are Poison,186325AS,--,"Good Groove Songs Ltd
Universal Music Corporation
Universal Music Publishing International Ltd
Universal/Mca Music Limited",Work Registered,No/No
You Are Poison,478773KS,--,"Universal Music Corporation
Pw Arrangements
Good Groove Songs Ltd
Universal Music Publishing International Ltd",Work Registered,No/No
You Are Poison,992796DQ,T-319.844.770-6,"Notting Hill Music (Uk) Ltd
Kobalt Music Services Ltd
Kobalt Music Publishing Ltd
Kobalt Music Copyrights Sarl",Work Registered,No/No
You Brought The Fire,117644FR,--,"Good Groove Songs Ltd
Universal Music Corporation
Universal Music Publishing International Ltd
Universal/Mca Music Limited",Work Registered,No/No
You Brought The Fire,186074AW,T-306.555.729-7,"Good Groove Songs Ltd
Universal Music Corporation
Universal Music Publishing International Ltd
Universal/Mca Music Limited",Work Registered,No/No
You Brought The Fire,478752BW,T-306.555.729-7,"Universal Music Corporation
Pw Arrangements
Good Groove Songs Ltd
Universal Music Publishing International Ltd",Work Registered,No/No
You Dont Have To Cry,8741267H,T-011.720.846-4,"Universal Music Corporation
Pw Arrangements
Good Groove Songs Ltd
Universal Music Publishing International Ltd",Work Fully Documented,No/Yes
You Give Me Hope,082849KS,T-911.192.325-2,"Good Groove Songs Ltd
Universal Music Corporation
Universal Music Publishing International Ltd
Universal/Mca Music Limited",Work Fully Documented,No/Yes
You Give Me Hope,186332CW,T-911.192.325-2,"Good Groove Songs Ltd
Universal Music Corporation
Universal Music Publishing International Ltd
Universal/Mca Music Limited",Work Registered,No/No
You Give Me Hope,478752CR,T-911.192.325-2,"Universal Music Corporation
Pw Arrangements
Good Groove Songs Ltd
Universal Music Publishing International Ltd",Work Registered,No/No
You Got It All,337008DR,T-926.985.270-2,,Work Fully Documented,No/Yes
You Got It All,446519EU,T-926.985.270-2,Universal Music Publishing Limited,Work Registered,No/Yes
You Keep Me Hanging On,092855AR,T-319.300.612-7,"Good Groove Songs Ltd
Universal Music Corporation
Universal Music Publishing International Ltd
Universal/Mca Music Limited",Work Fully Documented,No/Yes
You Let Me Down,478752CU,T-011.720.847-5,"Universal Music Corporation
Pw Arrangements
Good Groove Songs Ltd
Universal Music Publishing International Ltd",Work Registered,No/No
You Let Me Down,8741268J,T-011.720.847-5,"Good Groove Songs Ltd
Universal Music Corporation
Universal Music Publishing International Ltd
Universal/Mca Music Limited",Work Registered,No/Yes
You Re A Heartless Lady,992854GV,T-306.555.846-1,"Notting Hill Music (Uk) Ltd
Kobalt Music Services Ltd
Kobalt Music Publishing Ltd
Kobalt Music Copyrights Sarl",Work Registered,No/No
You Said,117643FQ,T-916.452.831-8,"Universal Music Corporation
Pw Arrangements
Good Groove Songs Ltd
Sentric Music Publishing Ltd",Work Fully Documented,Yes/Yes
You Sing Do I Sing La,102600CT,--,"Good Groove Songs Ltd
Universal Music Corporation
Universal Music Publishing International Ltd
Universal/Mca Music Limited",Work Registered,No/No
You Sing Do I Sing La,109247CQ,--,"Good Groove Songs Ltd
Universal Music Corporation
Universal Music Publishing International Ltd
Universal/Mca Music Limited",Work Registered,No/No
You Sing Do I Sing La,183619KQ,T-319.881.821-8,"Office Girls Partnership Ltd Dba Og Music
Supreme Songs Ltd",Work Registered,No/No
You Sing Do I Sing La,478719AU,--,"Universal Music Corporation
Pw Arrangements
Good Groove Songs Ltd
Universal Music Publishing International Ltd",Work Registered,No/No
You Still Think I'm Sexy,082850GQ,T-916.405.493-7,"Good Groove Songs Ltd
Universal Music Corporation
Universal Music Publishing International Ltd
Universal/Mca Music Limited",Work Registered,No/No
You Still Think I'm Sexy,186332DQ,--,"Good Groove Songs Ltd
Universal Music Corporation
Universal Music Publishing International Ltd
Universal/Mca Music Limited",Work Registered,No/No
You Still Think I'm Sexy,478719AW,--,"Universal Music Corporation
Pw Arrangements
Good Groove Songs Ltd
Universal Music Publishing International Ltd",Work Registered,No/No
You Want Monster,151883FT,--,"Good Groove Songs Ltd
Universal Music Corporation
Universal Music Publishing International Ltd
Universal/Mca Music Limited",Work Registered,No/No
You Want Monster,186332DR,--,"Good Groove Songs Ltd
Universal Music Corporation
Universal Music Publishing International Ltd
Universal/Mca Music Limited",Work Registered,No/No
You Want Monster,478773LN,--,"Universal Music Corporation
Pw Arrangements
Good Groove Songs Ltd
Universal Music Publishing International Ltd",Work Registered,No/No
You Worry Me So,117644GS,--,"Good Groove Songs Ltd
Universal Music Corporation
Universal Music Publishing International Ltd
Universal/Mca Music Limited",Work Registered,No/No
You Worry Me So,119961EV,T-319.749.982-0,"Good Groove Songs Ltd
Universal Music Corporation
Universal Music Publishing International Ltd
Universal/Mca Music Limited",Work Registered,No/No
You Worry Me So,186332DS,T-306.555.787-7,"Good Groove Songs Ltd
Universal Music Corporation
Universal Music Publishing International Ltd
Universal/Mca Music Limited",Work Registered,No/No
You Worry Me So,478752DN,--,"Universal Music Corporation
Pw Arrangements
Good Groove Songs Ltd
Universal Music Publishing International Ltd",Work Registered,No/No
You Worry Me So,974797KT,--,Unknown Publisher,Work Registered,No/No
You Worry Me So,992854GU,T-306.555.787-7,"Notting Hill Music (Uk) Ltd
Kobalt Music Services Ltd
Kobalt Music Publishing Ltd
Kobalt Music Copyrights Sarl",Work Registered,No/No
You're A Heartless Lady,151883FU,T-306.555.846-1,"Good Groove Songs Ltd
Universal Music Corporation
Universal Music Publishing International Ltd
Universal/Mca Music Limited",Work Registered,No/No
You're A Heartless Lady,186332DT,T-306.555.846-1,"Good Groove Songs Ltd
Universal Music Corporation
Universal Music Publishing International Ltd
Universal/Mca Music Limited",Work Registered,No/No
You're A Heartless Lady,478752DP,--,"Universal Music Corporation
Pw Arrangements
Good Groove Songs Ltd
Universal Music Publishing International Ltd",Work Registered,No/No
You're A Heartless Lady,974790LP,--,Unknown Publisher,Work Registered,No/No
You're A Star,139660DW,T-319.806.963-1,,Work Registered,No/No
You're A Star,186332DU,--,"Good Groove Songs Ltd
Universal Music Corporation
Universal Music Publishing International Ltd
Universal/Mca Music Limited",Work Registered,No/No
You're A Star,478738AN,--,"Universal Music Corporation
Pw Arrangements
Good Groove Songs Ltd
Universal Music Publishing International Ltd",Work Registered,No/No
You're A Star,5768441C,T-319.273.124-7,"Good Groove Songs Ltd
Universal Music Corporation
Universal Music Publishing International Ltd
Universal/Mca Music Limited",Work Registered,No/No
You're Done,356069BM,T-928.176.058-5,,Work Fully Documented,No/Yes
You're Done (Deep House Remix),365516GN,T-320.306.944-3,Universal Music Publishing Limited,Work Fully Documented,No/No
You're Gone,151883GM,T-306.554.815-0,"Good Groove Songs Ltd
Universal Music Corporation
Universal Music Publishing International Ltd
Universal/Mca Music Limited",Work Registered,No/No
You're Gone,186074BQ,--,"Good Groove Songs Ltd
Universal Music Corporation
Universal Music Publishing International Ltd
Universal/Mca Music Limited",Work Registered,No/No
You're Gone,478752DQ,--,"Universal Music Corporation
Pw Arrangements
Good Groove Songs Ltd
Universal Music Publishing International Ltd",Work Registered,No/No
You're Mine Now,151883GN,--,"Good Groove Songs Ltd
Universal Music Corporation
Universal Music Publishing International Ltd
Universal/Mca Music Limited",Work Registered,No/No
You're Mine Now,186074BR,--,"Good Groove Songs Ltd
Universal Music Corporation
Universal Music Publishing International Ltd
Universal/Mca Music Limited",Work Registered,No/No
You're Mine Now,478752DR,--,"Universal Music Corporation
Pw Arrangements
Good Groove Songs Ltd
Universal Music Publishing International Ltd",Work Registered,No/No
You're My Wonderful,186074BS,--,"Good Groove Songs Ltd
Universal Music Corporation
Universal Music Publishing International Ltd
Universal/Mca Music Limited",Work Registered,No/No
You're My Wonderful,478752DS,--,"Universal Music Corporation
Pw Arrangements
Good Groove Songs Ltd
Universal Music Publishing International Ltd",Work Registered,No/No
You're Poison,156020HR,T-319.844.770-6,,Work Registered,No/Yes
You're Poison,974778CV,--,Unknown Publisher,Work Registered,No/No
You're So Lost And Beautiful,117644KM,--,"Good Groove Songs Ltd
Universal Music Corporation
Universal Music Publishing International Ltd
Universal/Mca Music Limited",Work Registered,No/No
You're So Lost And Beautiful,119961EW,--,"Good Groove Songs Ltd
Universal Music Corporation
Universal Music Publishing International Ltd
Universal/Mca Music Limited",Work Registered,No/No
You're So Lost And Beautiful,186332DW,--,"Good Groove Songs Ltd
Universal Music Corporation
Universal Music Publishing International Ltd
Universal/Mca Music Limited",Work Registered,No/No
You're So Lost And Beautiful,478752DU,--,"Universal Music Corporation
Pw Arrangements
Good Groove Songs Ltd
Universal Music Publishing International Ltd",Work Registered,No/No
You're The One I Wanna,478719BP,T-011.720.646-8,"Universal Music Corporation
Pw Arrangements
Good Groove Songs Ltd
Universal Music Publishing International Ltd",Work Registered,No/No
You've Changed,186332EN,--,"Good Groove Songs Ltd
Universal Music Corporation
Universal Music Publishing International Ltd
Universal/Mca Music Limited",Work Registered,No/No
You've Changed,478719BQ,--,"Universal Music Corporation
Pw Arrangements
Good Groove Songs Ltd
Universal Music Publishing International Ltd",Work Registered,No/No
Young Wild & Free,300878GV,T-923.159.754-9,,Work Fully Documented,No/No
Younger Now,291159HR,T-922.365.967-4,,Work Fully Documented,No/Yes
Your Heart Lies Here,300875LM,T-929.981.723-5,"Universal Music Publishing Limited
Sentric Music Publishing Ltd
Sentric Music Limited",Work Fully Documented,Yes/Yes
Your Love,3714656H,T-011.117.126-6,,Work Registered,No/No
Youre My Wonderful,8741457L,--,"Good Groove Songs Ltd
Universal Music Corporation
Universal Music Publishing International Ltd
Universal/Mca Music Limited",Work Registered,No/No
Youre The One,8741269K,T-011.720.848-6,"Good Groove Songs Ltd
Universal Music Corporation
Universal Music Publishing International Ltd
Universal/Mca Music Limited",Work Fully Documented,No/No
Youre The One I Wanna,8738585N,T-011.720.646-8,"Good Groove Songs Ltd
Universal Music Corporation
Universal Music Publishing International Ltd
Universal/Mca Music Limited",Work Registered,No/No
